Workbook

Sheet Sales
C1: Change the Date in the green cell only
D2: =TEXT(D$3,"yyyy") -> 2025 | E2: =TEXT(E$3,"yyyy") -> 2025 | F2: =TEXT(F$3,"yyyy") -> 2025 | G2: =TEXT(G$3,"yyyy") -> 2025 | H2: =TEXT(H$3,"yyyy") -> 2025 | I2: =TEXT(I$3,"yyyy") -> 2025 | J2: =TEXT(J$3,"yyyy") -> 2025 | K2: =TEXT(K$3,"yyyy") -> 2025 | ... ABF2: =TEXT(ABF$3,"yyyy") -> 2027
D3: 45658 | E3: =D3+1 -> 45659 | F3: =E3+1 -> 45660 | G3: =F3+1 -> 45661 | H3: =G3+1 -> 45662 | I3: =H3+1 -> 45663 | J3: =I3+1 -> 45664 | K3: =J3+1 -> 45665 | L3: =K3+1 -> 45666 | ... ABF3: =ABE3+1 -> 46388
D4: =TEXT(D3,"ddd") -> Wed | E4: =TEXT(E3,"ddd") -> Thu | F4: =TEXT(F3,"ddd") -> Fri | G4: =TEXT(G3,"ddd") -> Sat | H4: =TEXT(H3,"ddd") -> Sun | I4: =TEXT(I3,"ddd") -> Mon | J4: =TEXT(J3,"ddd") -> Tue | K4: =TEXT(K3,"ddd") -> Wed | ... ABF4: =TEXT(ABF3,"ddd") -> Fri
C5: 11 AM - 12 PM | D5: 2157.14 | E5: 950 | F5: 2433 | G5: 1017 | H5: 13461 | I5: 3326 | J5: 30582 | K5: 2157.14 | L5: 950 | M5: 2433 | N5: 1017 | O5: 13461 | P5: 3326 | Q5: 30582 | R5: 2157.14 | S5: 950 | T5: 2433 | U5: 1017 | V5: 13461 | W5: 3326 | X5: 30582 | Y5: 2157.14 | Z5: 950 | AA5: 2433 | AB5: 1017 | AC5: 13461 | AD5: 3326 | AE5: 30582 | AF5: 2157.14 | AG5: 950 | AH5: 2433 | AI5: 1017 | AJ5: 13461 | AK5: 3326 | AL5: 30582 | AM5: 2157.14 | AN5: 950 | AO5: 2433 | AP5: 1017 | AQ5: 13461 | AR5: 3326 | AS5: 30582 | AT5: 2157.14 | AU5: 950 | AV5: 2433 | AW5: 1017 | AX5: 13461 | AY5: 3326 | AZ5: 30582 | BA5: 2157.14 | BB5: 950 | BC5: 2433 | BD5: 1017 | BE5: 13461 | BF5: 3326 | BG5: 30582 | BH5: 2157.14 | BI5: 950 | BJ5: 2433 | BK5: 1017 | BL5: 13461 | BM5: 3326 | BN5: 30582 | BO5: 2157.14 | BP5: 950 | BQ5: 2433 | BR5: 1017 | BS5: 13461 | BT5: 3326 | BU5: 30582 | BV5: 2157.14 | BW5: 950 | BX5: 2433 | BY5: 1017 | BZ5: 13461 | CA5: 3326 | CB5: 30582 | CC5: 2157.14 | CD5: 950 | CE5: 2433 | CF5: 1017 | CG5: 13461 | CH5: 3326 | CI5: 30582 | CJ5: 2157.14 | CK5: 950 | CL5: 2433 | CM5: 1017 | CN5: 13461 | CO5: 3326 | CP5: 30582 | CQ5: 2157.14 | CR5: 950 | CS5: 2433 | CT5: 1017 | CU5: 13461 | CV5: 3326 | CW5: 30582 | CX5: 2157.14 | CY5: 950 | CZ5: 2433 | DA5: 1017 | DB5: 2433 | DC5: 3169.79 | DD5: 5324 | DE5: 3099 | DF5: 30622 | DG5: =66+5827 -> 5893 | DH5: 2918 | DI5: 39987 | DJ5: 28762 | DK5: 25806 | DL5: 3811 | DM5: 3038.1 | DN5: 4151 | DO5: 637 | DP5: 2621 | DQ5: =19+5616 -> 5635 | DR5: =21266.67+56976.76 -> 78243.43 | DS5: =1991+3254 -> 5245 | DT5: 2727 | DU5: 0 | DV5: 2021 | DW5: 8445 | DX5: 29919 | DY5: =676+11174 -> 11850 | DZ5: 3880 | EA5: 25596.69 | EB5: =18228+7368 -> 25596 | EC5: 1506 | ED5: 22080 | EE5: 1520 | EF5: =16709+24378 -> 41087 | EG5: 27281 | EH5: 4132.55 | EI5: 4380 | EJ5: 9095 | EK5: 4860 | EL5: =7595+41581 -> 49176 | EM5: 42068 | EN5: 21692 | EP5: 1605 | EQ5: 12256 | ER5: =28514+30593 -> 59107 | ES5: 28822 | ET5: 18958.11 | EU5: 29238.78 | EV5: 33197.49 | EW5: 0 | EX5: 3449 | EY5: 6886 | EZ5: 20152 | FA5: 10030 | FB5: 27546 | FC5: 9441.29 | FF5: 1380 | FG5: 1101 | FH5: 2495 | FI5: 3996 | FJ5: 1768 | FK5: 657 | FL5: 665 | FM5: 1166 | FN5: 14905 | FO5: 6683 | FP5: 3849 | FQ5: =5038+8103 -> 13141 | FR5: 570 | FS5: 1445 | FT5: 303 | FU5: =12152+50319 -> 62471 | FV5: 13767 | FW5: =3990+16540 -> 20530 | FX5: =19+5429 -> 5448 | FY5: 504 | FZ5: 2003 | GA5: 2568 | GB5: 4100 | GC5: =13064+15440 -> 28504 | GD5: 5167 | GE5: 23958 | GF5: 1761 | GG5: 4343 | GH5: 2690 | GI5: 22500 | GJ5: 16856 | GK5: =16709+5099 -> 21808 | GL5: 23641.9 | GM5: 664 | GN5: 1687 | GO5: 7418 | GP5: 702 | GQ5: =8546+17042 -> 25588 | GR5: 3972 | GS5: 33152.81 | GT5: 6873 | GU5: =25823+6879 -> 32702 | GV5: 2141 | GW5: 8425 | GX5: 30037 | GY5: =22178+497443 -> 519621 | GZ5: =5690+1510 -> 7200 | HA5: 2433 | HB5: 1017 | HC5: 11479 | HD5: 60038.96 | HE5: 12152 | HF5: =22280+26723 -> 49003 | HG5: 10316 | HH5: 647.36 | HI5: 6728 | HJ5: 610 | HK5: =22828+7294 -> 30122 | HL5: 1493 | HM5: 793 | HN5: 13007 | HO5: 1550 | HP5: 5562 | HQ5: 6076 | HR5: =16709+8144 -> 24853 | HS5: 51377 | HT5: 42902 | HU5: 21728 | HV5: 1511 | HW5: 5470 | HX5: 15743 | HY5: 53863 | HZ5: =11770+32589 -> 44359 | IA5: 13890 | IB5: 15563 | IC5: 2386 | ID5: 2825 | IE5: =11673+19856 -> 31529 | IF5: =4219+18549 -> 22768 | IG5: =2767+14300 -> 17067 | IH5: 2125 | II5: 19077 | IJ5: 1549 | IK5: 4869 | IL5: 30400 | IM5: 32958 | IN5: =1522+20543 -> 22065 | IO5: 6737 | IP5: =464+57931 -> 58395 | IQ5: 1443 | IR5: 2729 | IS5: 13461 | IT5: 9718 | IU5: 13461 | IV5: 950 | IW5: 7411 | IX5: 24018 | IY5: 2146 | IZ5: 17033 | JA5: =31900+4172 -> 36072 | JB5: =8326+25175 -> 33501 | JC5: =3132+47033 -> 50165 | JD5: =9895+60672.91 -> 70567.91 | JE5: =303+2613 -> 2916 | JF5: 5105 | JG5: 6815.24 | JH5: 4296 | JI5: 12151 | JJ5: =7319+25390 -> 32709 | JK5: =18515+10304 -> 28819 | JL5: 475 | JM5: 1174 | JN5: =14563.9+50332.82 -> 64896.72 | JO5: 3068 | JP5: 43789 | JQ5: 355 | JR5: 5119 | JS5: 2031 | JT5: 2574 | JU5: 31040 | JV5: 5038 | JW5: 30582 | JX5: 2157.14 | JY5: 950 | JZ5: 475 | KA5: 370 | KB5: 2391 | KC5: =12152+7629 -> 19781 | KD5: 43060 | KE5: =5261+11542 -> 16803 | KF5: 4883 | KG5: 4962 | KH5: 5323 | KI5: 23673 | KJ5: 29892 | KK5: 18721 | KL5: 11153 | KM5: 4862 | KO5: 2584 | KP5: =80629+17155 -> 97784 | KQ5: =1273+6700 -> 7973 | KR5: =15190+43991 -> 59181 | KS5: 28192 | KT5: 6939 | KU5: 5852 | KV5: =16709+1874 -> 18583 | KW5: 2280.95 | KX5: 12748 | KY5: 36769 | KZ5: =1110+24836 -> 25946 | LA5: 6549 | LB5: 2376.19 | LC5: 7943 | LD5: 2935 | LE5: =12152+22572 -> 34724 | LF5: 28539 | LG5: 30666 | LH5: 51838 | LI5: 0 | LJ5: 4232.82 | LK5: 6286.5 | LL5: =4800+5416.11 -> 10216.11 | LM5: =1909.52+797.14+23467.66 -> 26174.32 | LN5: 20956.54 | LO5: =17660.61+12949.36+0 -> 30609.97 | LP5: 2283.03 | LQ5: 1916.8 | LR5: 7045 | LS5: =2324+43650 -> 45974 | LT5: =2193.33+47431.59 -> 49624.92 | LU5: 2157.14 | LV5: 950 | LW5: 2433 | LX5: 1017 | LY5: 4657 | LZ5: 14600 | MA5: =8326+30543 -> 38869 | MB5: 9373 | MC5: =10076+47060 -> 57136 | MD5: 28758 | ME5: 170 | MF5: 23428 | MG5: 18140 | MH5: 20512 | MI5: =1777+53580 -> 55357 | MJ5: 24736 | MK5: 1621 | ML5: =1174+1074 -> 2248 | MM5: 6953 | MN5: 12313 | MO5: 1398 | MP5: 2157.14 | MQ5: 950 | MR5: 2433 | MS5: 1017 | MT5: 13461 | MU5: =18228+18838 -> 37066 | MV5: 37541.93 | MW5: 11425 | MY5: 313 | MZ5: 1539 | NA5: =7595+3821 -> 11416 | NB5: =20181+55092 -> 75273 | NC5: =2426+35048 -> 37474 | NE5: 8086 | NG5: 6112 | NH5: =55894+50085 -> 105979 | NI5: 1154 | NJ5: 9703 | NK5: 31747 | NL5: 21164 | NN5: 2663 | NO5: 21606 | NP5: 10934 | NQ5: =8278+12060 -> 20338 | NR5: 6885 | NS5: 13703 | NT5: 541 | NU5: 235 | NV5: =7585+4036 -> 11621 | NW5: 9557 | NX5: 18363 | NY5: 17256 | NZ5: 16701 | OA5: 475 | OB5: 436 | OC5: 23535 | OD5: =8452.38+15462.34 -> 23914.72 | OE5: 18418 | OF5: 3726 | OG5: 742 | OH5: 3260 | OI5: 2556.19 | OJ5: 4296.19 | OK5: 8135.33 | OL5: 42902.18 | OM5: 19.05 | ON5: 10222.34 | OO5: 3481.73 | OP5: 1712.38 | OQ5: 1467.54 | OR5: =24027.36+14867.71 -> 38895.07 | OS5: =27342.86+16167.12 -> 43509.98 | OT5: 0 | OU5: 0 | OV5: 0 | OW5: 5045.28 | OX5: 1140 | OY5: 11788.74 | OZ5: 25642.08 | PA5: 1985.45 | PB5: 0 | PC5: 0 | PD5: 637.14 | PE5: 0 | PF5: 5485 | PG5: 1474.89 | PH5: 1224.77 | PI5: 2207.36 | PJ5: 448 | PK5: 1016.71 | PL5: 503.81 | PM5: 1187.62 | PN5: =503.81+8052.39 -> 8556.2 | PO5: 7838.96 | PP5: =154.98+47826.58 -> 47981.56 | PQ5: 1046 | PR5: 1396 | PS5: 475.24 | PT5: 448.48 | PU5: 2357.15 | PV5: 2448 | PW5: 2923.02 | PX5: 995.41 | PY5: 2451.6 | PZ5: 2528.49 | QA5: 56519.21 | QB5: 2940.01 | QC5: 1330.56 | QD5: 985.63 | QE5: 0 | QF5: 0 | QG5: 1711.69 | QH5: 0 | QI5: 16293.51 | QJ5: 5339.47 | QK5: 3662.42 | QL5: 2538.79 | QM5: 22143.21 | QN5: 21703 | QO5: 2983 | QP5: =5845.97+47614.99 -> 53460.96 | QQ5: 37490.91 | QR5: 20340.45 | QS5: 2485.29 | QT5: 3775 | QU5: 5388.48 | QV5: =8934.03+1217.15 -> 10151.18 | QW5: 10027.8 | QX5: 12197.31 | QY5: 9003 | QZ5: 4629 | RA5: 1204.15 | RB5: =3985.71+14710.21 -> 18695.92 | RC5: 10755 | RD5: 6873 | RE5: 27649.6 | RF5: 6162 | RG5: 1113 | RH5: 34690 | RI5: 2784 | RJ5: 1371 | RK5: 37409 | RL5: =1356.19+52882.93 -> 54239.12 | RM5: 9923.73 | RN5: 154.98 | RO5: 246 | RP5: 4743 | RQ5: =8680+10186.07 -> 18866.07 | RR5: =2519.05+21730.75 -> 24249.8 | RS5: 18228.11 | RT5: 15021 | RU5: 1700 | RV5: 31714.28 | RW5: 8067.71 | RX5: 40809.01 | RY5: =14592.2+19435.77 -> 34027.97 | RZ5: 3310.82 | SA5: =25520+6827.35 -> 32347.35 | SB5: 0 | SC5: 38919.05 | SD5: =18251.52+41819.74 -> 60071.26 | SE5: =18251.52+41819.74 -> 60071.26 | SF5: =605.02+16758.1 -> 17363.12 | SG5: 11393.43
C6: 12 PM - 1 PM | D6: 4618 | E6: 6038 | F6: 3770 | G6: 3584 | H6: 6723 | I6: 5125 | J6: 20984 | K6: 4618 | L6: 6038 | M6: 3770 | N6: 3584 | O6: 6723 | P6: 5125 | Q6: 20984 | R6: 4618 | S6: 6038 | T6: 3770 | U6: 3584 | V6: 6723 | W6: 5125 | X6: 20984 | Y6: 4618 | Z6: 6038 | AA6: 3770 | AB6: 3584 | AC6: 6723 | AD6: 5125 | AE6: 20984 | AF6: 4618 | AG6: 6038 | AH6: 3770 | AI6: 3584 | AJ6: 6723 | AK6: 5125 | AL6: 20984 | AM6: 4618 | AN6: 6038 | AO6: 3770 | AP6: 3584 | AQ6: 6723 | AR6: 5125 | AS6: 20984 | AT6: 4618 | AU6: 6038 | AV6: 3770 | AW6: 3584 | AX6: 6723 | AY6: 5125 | AZ6: 20984 | BA6: 4618 | BB6: 6038 | BC6: 3770 | BD6: 3584 | BE6: 6723 | BF6: 5125 | BG6: 20984 | BH6: 4618 | BI6: 6038 | BJ6: 3770 | BK6: 3584 | BL6: 6723 | BM6: 5125 | BN6: 20984 | BO6: 4618 | BP6: 6038 | BQ6: 3770 | BR6: 3584 | BS6: 6723 | BT6: 5125 | BU6: 20984 | BV6: 4618 | BW6: 6038 | BX6: 3770 | BY6: 3584 | BZ6: 6723 | CA6: 5125 | CB6: 20984 | CC6: 4618 | CD6: 6038 | CE6: 3770 | CF6: 3584 | CG6: 6723 | CH6: 5125 | CI6: 20984 | CJ6: 4618 | CK6: 6038 | CL6: 3770 | CM6: 3584 | CN6: 6723 | CO6: 5125 | CP6: 20984 | CQ6: 4618 | CR6: 6038 | CS6: 3770 | CT6: 3584 | CU6: 6723 | CV6: 5125 | CW6: 20984 | CX6: 4618 | CY6: 6038 | CZ6: 3770 | DA6: 3584 | DB6: 3770 | DC6: 1159.92 | DD6: 19790 | DE6: 11891 | DF6: 15296 | DG6: 1418 | DH6: 3659 | DI6: 8936 | DJ6: 11017 | DK6: 34164 | DL6: 23019 | DM6: 9178.35 | DN6: 1225 | DO6: 1694 | DP6: 2523 | DQ6: 15037 | DR6: 27922.2 | DS6: 14168 | DT6: 2169 | DU6: 1583 | DV6: 10104 | DW6: 5046 | DX6: 8597 | DY6: 20120 | DZ6: 6201 | EA6: 34146 | EB6: 34145 | EC6: 1169 | ED6: 3679 | EE6: 3647 | EF6: 12378 | EG6: 36654 | EH6: 12294.02 | EI6: 2092 | EJ6: 7043 | EK6: 1253 | EL6: 19478 | EM6: 14906 | EN6: 5311 | EP6: 19 | EQ6: 27709 | ER6: 7722 | ES6: 4448 | ET6: 41064.49 | EU6: 11673.95 | EV6: 10384.95 | EW6: 769.52 | EX6: 6124 | EY6: 4362 | EZ6: 12809 | FA6: 26620 | FB6: 15252 | FC6: 3040.95 | FD6: 2843 | FF6: 2621 | FG6: 815 | FH6: 8106 | FI6: 3925 | FJ6: 7350 | FK6: 738 | FL6: 4209 | FM6: 14087 | FN6: 46037 | FO6: 22813 | FP6: 24606 | FQ6: 48584 | FR6: 2223 | FS6: 5504 | FT6: 20386 | FU6: 9431 | FV6: 33959 | FW6: 44460 | FX6: 16633 | FY6: 1510 | FZ6: 4075 | GA6: 23340 | GB6: 60041 | GC6: 34587 | GD6: 18334 | GE6: 84072 | GF6: 3808 | GG6: 7575 | GH6: 1611 | GI6: 2845 | GJ6: 12484 | GK6: 19228 | GL6: 4695.49 | GM6: 2031 | GN6: 20773 | GO6: 3877 | GP6: 13293 | GQ6: 36976 | GR6: 34913 | GS6: 31739.75 | GT6: 4268 | GU6: 31456 | GV6: 19284 | GW6: 9425 | GX6: 13974 | GY6: 34038 | GZ6: 27979 | HA6: 3770 | HB6: 3584 | HC6: 4301 | HD6: 12820 | HE6: 21255 | HF6: 18267 | HG6: 5293 | HH6: 310 | HI6: 2164 | HJ6: 4121 | HK6: 7745 | HL6: 1940 | HM6: 11452 | HN6: 23330 | HO6: 7681 | HP6: 13454 | HQ6: 17107 | HR6: 38465 | HS6: 39567 | HT6: 5825 | HU6: 6342 | HV6: 1169 | HW6: 2152 | HX6: 13812 | HY6: 34980 | HZ6: 40774 | IA6: 21926 | IB6: 33421 | IC6: 4347 | ID6: 4532 | IE6: 3840 | IF6: 18549 | IG6: 23407 | IH6: 5804 | II6: 29858 | IJ6: 313 | IK6: 9664 | IL6: 3951 | IM6: 27762 | IN6: 29355 | IO6: 3193 | IP6: 11141 | IQ6: 17946 | IR6: 6920 | IS6: 6723 | IT6: =7322+475 -> 7797 | IU6: 6723 | IV6: 6038 | IW6: 6438 | IX6: 0 | IY6: 5241 | IZ6: 3044 | JA6: 11101 | JB6: 27525 | JC6: 56141 | JD6: 9318 | JE6: 1314 | JF6: 5076 | JG6: 2443.28 | JH6: 4674 | JI6: 26169 | JJ6: 43313 | JK6: 12655 | JL6: 3431 | JM6: 2758 | JN6: 3343.9 | JO6: 15519 | JP6: 28684 | JQ6: 2324 | JR6: 5058 | JS6: 1147 | JT6: 11393 | JU6: 6822 | JV6: 11558 | JW6: 20984 | JX6: 4618 | JY6: 6038 | JZ6: 1169 | KA6: 1853 | KB6: 28818 | KC6: 27869 | KD6: 30882 | KE6: 71534 | KF6: 3941 | KG6: 2493 | KH6: 4837 | KI6: 7883 | KJ6: 12066 | KK6: 16949 | KL6: 9704 | KM6: 6037 | KN6: 4959 | KO6: 3858 | KP6: 4003 | KQ6: 55361 | KR6: 15895 | KS6: 5116 | KT6: 15325 | KU6: 5687 | KV6: 18428 | KW6: 20591.51 | KX6: 7585 | KY6: 32863 | KZ6: 46536 | LA6: 25849 | LB6: 4513.76 | LC6: 7116 | LD6: 159674 | LE6: 15047 | LF6: 26600 | LG6: 4933 | LH6: 11417 | LI6: 682.86 | LJ6: 2205.29 | LK6: 12340.79 | LL6: 29831.54 | LM6: 12395.53 | LN6: 7560.79 | LO6: 35489.53 | LP6: 4573.34 | LQ6: 7567.72 | LR6: 25534 | LS6: 3658 | LT6: 15526.34 | LU6: 4618 | LV6: 6038 | LW6: 3770 | LX6: 3584 | LY6: 2854 | LZ6: 10575 | MA6: 20644 | MB6: 34709 | MC6: 44437 | MD6: 2701 | ME6: 4027 | MF6: 23181 | MG6: 27696 | MH6: 18292 | MI6: 6395 | MJ6: 3988 | MK6: 4397 | ML6: 4940 | MM6: 6507 | MN6: 5876 | MO6: 4933 | MP6: 4618 | MQ6: 6038 | MR6: 3770 | MS6: 3584 | MT6: 6723 | MU6: 8838 | MV6: 9856 | MW6: 15844 | MX6: 1415 | MY6: 2099 | MZ6: 2193 | NA6: 56991 | NB6: 5776 | NC6: 11353 | ND6: 9375 | NE6: 33196 | NF6: 5920 | NG6: 3749 | NH6: 4718 | NI6: 9234 | NJ6: 10484 | NK6: 46270 | NL6: 6112 | NM6: 4078 | NN6: 8539 | NO6: 11539 | NP6: 6092 | NQ6: 12211 | NR6: 9574 | NS6: 5117 | NT6: 6663 | NU6: 5270 | NV6: 18027 | NW6: 24317 | NX6: 51251 | NY6: 9614 | NZ6: 9946 | OA6: 1386 | OB6: 4597 | OC6: 47695 | OD6: 7155.41 | OE6: 31251 | OF6: 9617 | OG6: 45122 | OH6: 898 | OI6: 6428.05 | OJ6: 5074.19 | OK6: 12823.38 | OL6: 13745.05 | OM6: 1062.25 | ON6: 53423.83 | OO6: 1475.15 | OP6: 3866.67 | OQ6: 16214.03 | OR6: 9662.53 | OS6: 16652.15 | OT6: 5948.57 | OU6: 0 | OV6: 1755.59 | OW6: 702.86 | OX6: 3317.23 | OY6: 12661.37 | OZ6: 19929.26 | PA6: 3118.02 | PB6: 0 | PC6: 3004.69 | PD6: 399.05 | PE6: 309.95 | PF6: 6165 | PG6: 3109.53 | PH6: 4064.25 | PI6: 11058 | PJ6: 1580 | PK6: 733.07 | PL6: 1677.57 | PM6: 7680.87 | PN6: 10536.37 | PO6: 5913.51 | PP6: 13998.86 | PQ6: 494 | PR6: 5561 | PS6: 4256.02 | PT6: 6270.67 | PU6: 13836.7 | PV6: 3562 | PW6: 9175.06 | PX6: 475.24 | PY6: 6485.63 | PZ6: 5500.87 | QA6: 21940.95 | QB6: 1263.99 | QC6: 843.12 | QD6: 587.01 | QE6: 0 | QF6: 0 | QG6: 911.43 | QH6: 0 | QI6: 18278.27 | QJ6: 6330.31 | QK6: 3508.31 | QL6: 1426.41 | QM6: 4134.8 | QN6: 12633 | QO6: 40257 | QP6: 19758.79 | QQ6: 21474.12 | QR6: 21160 | QS6: 2583.81 | QT6: 6583 | QU6: 8645.72 | QV6: 42481.64 | QW6: 19286.59 | QX6: 23147.72 | QY6: 18598 | QZ6: 4465 | RA6: 6885.37 | RB6: 14498.61 | RC6: 28024 | RD6: 8446 | RE6: 6330.91 | RF6: 28236 | RG6: 2275 | RH6: 7297 | RI6: 24154 | RJ6: 28094 | RK6: 16023 | RL6: 9186.59 | RM6: 19162.46 | RN6: 4853.16 | RO6: 4211 | RP6: 11405 | RQ6: 10284.16 | RR6: 25025.37 | RS6: 5493.51 | RT6: 4805 | RU6: 657 | RV6: 6655.93 | RW6: 10832.56 | RX6: 28246.24 | RY6: 60088.41 | RZ6: 8246.84 | SA6: 8612.11 | SB6: 1130.48 | SC6: 18195.24 | SD6: 27845.29 | SE6: 27845.29 | SF6: 40259.15 | SG6: 8477.04
C7: 1 PM - 2 PM | D7: 14363 | E7: 6150 | F7: 10080 | G7: 5904 | H7: 4353 | I7: 9897 | J7: 23146 | K7: 14363 | L7: 6150 | M7: 10080 | N7: 5904 | O7: 4353 | P7: 9897 | Q7: 23146 | R7: 14363 | S7: 6150 | T7: 10080 | U7: 5904 | V7: 4353 | W7: 9897 | X7: 23146 | Y7: 14363 | Z7: 6150 | AA7: 10080 | AB7: 5904 | AC7: 4353 | AD7: 9897 | AE7: 23146 | AF7: 14363 | AG7: 6150 | AH7: 10080 | AI7: 5904 | AJ7: 4353 | AK7: 9897 | AL7: 23146 | AM7: 14363 | AN7: 6150 | AO7: 10080 | AP7: 5904 | AQ7: 4353 | AR7: 9897 | AS7: 23146 | AT7: 14363 | AU7: 6150 | AV7: 10080 | AW7: 5904 | AX7: 4353 | AY7: 9897 | AZ7: 23146 | BA7: 14363 | BB7: 6150 | BC7: 10080 | BD7: 5904 | BE7: 4353 | BF7: 9897 | BG7: 23146 | BH7: 14363 | BI7: 6150 | BJ7: 10080 | BK7: 5904 | BL7: 4353 | BM7: 9897 | BN7: 23146 | BO7: 14363 | BP7: 6150 | BQ7: 10080 | BR7: 5904 | BS7: 4353 | BT7: 9897 | BU7: 23146 | BV7: 14363 | BW7: 6150 | BX7: 10080 | BY7: 5904 | BZ7: 4353 | CA7: 9897 | CB7: 23146 | CC7: 14363 | CD7: 6150 | CE7: 10080 | CF7: 5904 | CG7: 4353 | CH7: 9897 | CI7: 23146 | CJ7: 14363 | CK7: 6150 | CL7: 10080 | CM7: 5904 | CN7: 4353 | CO7: 9897 | CP7: 23146 | CQ7: 14363 | CR7: 6150 | CS7: 10080 | CT7: 5904 | CU7: 4353 | CV7: 9897 | CW7: 23146 | CX7: 14363 | CY7: 6150 | CZ7: 10080 | DA7: 5904 | DB7: 10080 | DC7: 4738.94 | DD7: 30543 | DE7: 1825 | DF7: 8679 | DG7: 2146 | DH7: 4364 | DI7: 27976 | DJ7: 8754 | DK7: 56091 | DL7: 11418 | DM7: 4329 | DN7: 19438 | DO7: 3404 | DP7: 8207 | DQ7: 13851 | DR7: 18990 | DS7: 19607 | DT7: 9095 | DU7: 322 | DV7: 6556 | DW7: 4760 | DX7: 11919 | DY7: 26855 | DZ7: 9264 | EA7: 15166 | EB7: 15166 | EC7: 475 | ED7: 5058 | EE7: 11512 | EF7: 17613 | EG7: 32160 | EH7: 19847.8 | EI7: 6478 | EJ7: 22189 | EK7: 11594 | EL7: 11001 | EM7: 20367 | EN7: 18040 | EO7: 20572 | EP7: 6284 | EQ7: 9583 | ER7: 12837 | ES7: 6355 | ET7: 19917.35 | EU7: 10137.06 | EV7: 12920.45 | EW7: 23778.88 | EX7: 7105 | EY7: 13399 | EZ7: 6642 | FA7: 45433 | FB7: 27929 | FC7: 4510.9 | FD7: 2879 | FF7: 1533 | FG7: 5941 | FH7: 10849 | FI7: 7829 | FJ7: 10981 | FK7: 824 | FL7: 11905 | FM7: 14733 | FN7: 11946 | FO7: 19683 | FP7: 28451 | FQ7: 52677 | FR7: 4754 | FS7: 10942 | FT7: 13158 | FU7: 32885 | FV7: 24426 | FW7: 10590 | FX7: 16504 | FY7: 3398 | FZ7: 14485 | GA7: 14054 | GB7: 18941 | GC7: 26255 | GD7: 12043 | GE7: 13150 | GF7: 4373 | GG7: 13713 | GH7: 4999 | GI7: 10833 | GJ7: 28403 | GK7: 21329 | GL7: 21788.39 | GM7: 1196 | GN7: 11484 | GO7: 19268 | GP7: 12467 | GQ7: 21811 | GR7: 12448 | GS7: 13445.8 | GT7: 2846 | GU7: 8749 | GV7: 8975 | GW7: 11370 | GX7: 19895 | GY7: 13663 | GZ7: 9197 | HA7: 10080 | HB7: 5904 | HC7: 8179 | HD7: 19041 | HE7: 27483 | HF7: 17018 | HG7: 11848 | HH7: 6569 | HI7: 14098 | HJ7: 6039 | HK7: 16600 | HL7: 16358 | HM7: 41514 | HN7: 50288 | HO7: 547 | HP7: 6721 | HQ7: 5476 | HR7: 7936 | HS7: 21702 | HT7: 36348 | HU7: 25963 | HV7: 2386 | HW7: 8399 | HX7: 7597 | HY7: 18290 | HZ7: 21476 | IA7: 15819 | IB7: 23276 | IC7: 3227 | ID7: 11175 | IE7: 20332 | IF7: 8826 | IG7: 38932 | IH7: 8684 | II7: 19953 | IJ7: 7477 | IK7: 9474 | IL7: 6309 | IM7: 14262 | IN7: 350598 | IO7: 10232 | IP7: 10912 | IQ7: 3758 | IR7: 8283 | IS7: 4353 | IT7: 6150 | IU7: 11633 | IV7: =940+29837 -> 30777 | IW7: 17783 | IX7: 2568 | IY7: 12304 | IZ7: 14882 | JA7: 22516 | JB7: 116876 | JC7: 19813 | JD7: 22349 | JE7: 28686 | JF7: 13358 | JG7: 9297.58 | JH7: 35716 | JI7: 20263 | JJ7: 13410 | JK7: 15872 | JL7: 9288 | JM7: 7297 | JN7: 16822.07 | JO7: 27211 | JP7: 39462 | JQ7: 1633 | JR7: 4391 | JS7: 2443 | JT7: 10236 | JU7: 21493 | JV7: 2878 | JW7: 23146 | JX7: 14363 | JY7: 6150 | JZ7: 4555 | KA7: 9364 | KB7: 12981 | KC7: 17038 | KD7: 18519 | KE7: 16031 | KF7: 19082 | KG7: 4774 | KH7: 11242 | KI7: 28255 | KJ7: 37317 | KK7: 24574 | KL7: 21715 | KM7: 25316 | KN7: 1132 | KO7: 9399 | KP7: 15009 | KQ7: 19916 | KR7: 55259 | KS7: 11028 | KT7: 11208 | KU7: 5071 | KV7: 4652 | KW7: 5285.02 | KX7: 19613 | KY7: 26186 | KZ7: 17819 | LA7: 87235 | LB7: 6706.61 | LC7: 14419 | LD7: 22607 | LE7: 13429 | LF7: 17795 | LG7: 36749 | LH7: 7006 | LI7: 2172.99 | LJ7: 13887.27 | LK7: 10089.87 | LL7: 31454.71 | LM7: 20024.93 | LN7: 17320.87 | LO7: 9937.41 | LP7: 5135.42 | LQ7: 8857.49 | LR7: 20872 | LS7: 7528 | LT7: 17265.81 | LU7: 14363 | LV7: 6150 | LW7: 10080 | LX7: 5904 | LY7: 9199 | LZ7: 12749 | MA7: 45729 | MB7: 9197 | MC7: 20328 | MD7: 2421 | ME7: 19300 | MF7: 25148 | MG7: 13719 | MH7: 19742 | MI7: 14141 | MJ7: 20532 | MK7: 4452 | ML7: 14252 | MM7: 39120 | MN7: 15749 | MO7: 8900 | MP7: 14363 | MQ7: 6150 | MR7: 10080 | MS7: 5904 | MT7: 4353 | MU7: 14799 | MV7: 43773 | MW7: 13641 | MX7: 7481 | MY7: 4025 | MZ7: 10645 | NA7: 20542 | NB7: 17589 | NC7: 16025 | ND7: 6176 | NE7: 11719 | NF7: 7540 | NG7: 5863 | NH7: 10417 | NI7: 15496 | NJ7: 23442 | NK7: 7312 | NL7: 21238 | NM7: 2743 | NN7: 11611 | NO7: 36549 | NP7: 21496 | NQ7: 33588 | NR7: 12562 | NS7: 15447 | NT7: 5660 | NU7: 16992 | NV7: 15817 | NW7: 15026 | NX7: 22776 | NY7: 18738 | NZ7: 10179 | OA7: 2132 | OB7: 9783 | OC7: 23758 | OD7: 9160.42 | OE7: 19107 | OF7: 14070 | OG7: 4218 | OH7: 845 | OI7: 9281.39 | OJ7: 2119.05 | OK7: 17864.6 | OL7: 19688.31 | OM7: 2021.13 | ON7: 8750.17 | OO7: 1793.59 | OP7: 9835.33 | OQ7: 6743.19 | OR7: 9701.57 | OS7: 29291.54 | OT7: 5988.33 | OU7: 0 | OV7: 1627.36 | OW7: 8575.15 | OX7: 12149.01 | OY7: 10420.63 | OZ7: 16799.76 | PA7: 15333 | PB7: 10325.79 | PC7: 3926.67 | PD7: 1609.27 | PE7: 2306.67 | PF7: 6550 | PG7: 8599.94 | PH7: 1839.32 | PI7: 31975 | PJ7: 5245 | PK7: 2338.79 | PL7: 7464.08 | PM7: 2723.3 | PN7: 9682.18 | PO7: 6551.43 | PP7: 31230.4 | PQ7: 1428 | PR7: 6239 | PS7: 13438.28 | PT7: 6108.14 | PU7: 18074.55 | PV7: 9706 | PW7: 9036.62 | PX7: 4076.89 | PY7: 6745.89 | PZ7: 5434.98 | QA7: 13086.89 | QB7: 9359.73 | QC7: 2616.62 | QD7: 3856.01 | QE7: 0 | QF7: 0 | QG7: 1702.68 | QH7: 1923.04 | QI7: 24007.04 | QJ7: 8826.41 | QK7: 3614.46 | QL7: 2178.44 | QM7: 4483.28 | QN7: 50962 | QO7: 13606 | QP7: 26412.26 | QQ7: 17523.2 | QR7: 9881.39 | QS7: 2126.33 | QT7: 10919 | QU7: 10199.65 | QV7: 20028.24 | QW7: 14435.61 | QX7: 10477.6 | QY7: 34002 | QZ7: 8930 | RA7: 6332.74 | RB7: 10176.74 | RC7: 9584 | RD7: 17405 | RE7: 8122.07 | RF7: 13251 | RG7: 6126 | RH7: 22860 | RI7: 8104 | RJ7: 16705 | RK7: 22683 | RL7: 11047.37 | RM7: 20919.24 | RN7: 3625.28 | RO7: 8023 | RP7: 28307 | RQ7: 35629.63 | RR7: 63547.75 | RS7: 10975.93 | RT7: 24458 | RU7: 4655 | RV7: 5712.47 | RW7: 30116.36 | RX7: 13907.03 | RY7: 27664.8 | RZ7: 58491.24 | SA7: 55770.55 | SB7: 6523.19 | SC7: 10443.3 | SD7: 14793.18 | SE7: 14793.18 | SF7: 20110.91 | SG7: 26679.15
C8: 2 PM - 3 PM | D8: 21740 | E8: 12216 | F8: 3219 | G8: 7899 | H8: 12211 | I8: 11103 | J8: 24511 | K8: 21740 | L8: 12216 | M8: 3219 | N8: 7899 | O8: 12211 | P8: 11103 | Q8: 24511 | R8: 21740 | S8: 12216 | T8: 3219 | U8: 7899 | V8: 12211 | W8: 11103 | X8: 24511 | Y8: 21740 | Z8: 12216 | AA8: 3219 | AB8: 7899 | AC8: 12211 | AD8: 11103 | AE8: 24511 | AF8: 21740 | AG8: 12216 | AH8: 3219 | AI8: 7899 | AJ8: 12211 | AK8: 11103 | AL8: 24511 | AM8: 21740 | AN8: 12216 | AO8: 3219 | AP8: 7899 | AQ8: 12211 | AR8: 11103 | AS8: 24511 | AT8: 21740 | AU8: 12216 | AV8: 3219 | AW8: 7899 | AX8: 12211 | AY8: 11103 | AZ8: 24511 | BA8: 21740 | BB8: 12216 | BC8: 3219 | BD8: 7899 | BE8: 12211 | BF8: 11103 | BG8: 24511 | BH8: 21740 | BI8: 12216 | BJ8: 3219 | BK8: 7899 | BL8: 12211 | BM8: 11103 | BN8: 24511 | BO8: 21740 | BP8: 12216 | BQ8: 3219 | BR8: 7899 | BS8: 12211 | BT8: 11103 | BU8: 24511 | BV8: 21740 | BW8: 12216 | BX8: 3219 | BY8: 7899 | BZ8: 12211 | CA8: 11103 | CB8: 24511 | CC8: 21740 | CD8: 12216 | CE8: 3219 | CF8: 7899 | CG8: 12211 | CH8: 11103 | CI8: 24511 | CJ8: 21740 | CK8: 12216 | CL8: 3219 | CM8: 7899 | CN8: 12211 | CO8: 11103 | CP8: 24511 | CQ8: 21740 | CR8: 12216 | CS8: 3219 | CT8: 7899 | CU8: 12211 | CV8: 11103 | CW8: 24511 | CX8: 21740 | CY8: 12216 | CZ8: 3219 | DA8: 7899 | DB8: 3219 | DC8: 5003 | DD8: 17139 | DE8: 2601 | DF8: 13946 | DG8: 3876 | DH8: 9323 | DI8: 20709 | DJ8: 4373 | DK8: 16496 | DL8: 12026 | DM8: 13935 | DN8: 4894 | DO8: 11332 | DP8: 6998 | DQ8: 8031 | DR8: 18488 | DS8: 15577 | DT8: 9990 | DU8: 2279 | DV8: 7099 | DW8: 8104 | DX8: 15134 | DY8: 19053 | DZ8: 14574 | EA8: 14535 | EB8: 14536 | EC8: 1658 | ED8: 8033 | EE8: 6240 | EF8: 26141 | EG8: 21868 | EH8: 13406.49 | EI8: 7648 | EJ8: 10737 | EK8: 6452 | EL8: 13780 | EM8: 27764 | EN8: 13472 | EO8: 61403 | EP8: 8668 | EQ8: 15895 | ER8: 34987 | ES8: 17902 | ET8: 1869.91 | EU8: 22164.17 | EV8: 18549.64 | EW8: 5221.14 | EX8: 12411 | EY8: 13561 | EZ8: 15751 | FA8: 25885 | FB8: 21764 | FC8: 6217.24 | FD8: 4297 | FE8: 940 | FF8: 1928 | FG8: 6186 | FH8: 17375 | FI8: 4651 | FJ8: 5973 | FK8: 6204 | FL8: 10589 | FM8: 21114 | FN8: 11321 | FO8: 29953 | FP8: 30213 | FQ8: 75233 | FR8: 3019 | FS8: 11843 | FT8: 6189 | FU8: 22839 | FV8: 27611 | FW8: 8751 | FX8: 29985 | FY8: 8735 | FZ8: 9586 | GA8: 12682 | GB8: 19782 | GC8: 28899 | GD8: 9584 | GE8: 29009 | GF8: 4400 | GG8: 8433 | GH8: 4214 | GI8: 25382 | GJ8: 26495 | GK8: 22860 | GL8: 41446.52 | GM8: 5017 | GN8: 9662 | GO8: 43149 | GP8: 7188 | GQ8: 24987 | GR8: 18175 | GS8: 8447.28 | GT8: 4940 | GU8: 11837 | GV8: 7541 | GW8: 16668 | GX8: 28681 | GY8: 19457 | GZ8: 11800 | HA8: 3219 | HB8: 7899 | HC8: 9955 | HD8: 16180 | HE8: 30756 | HF8: 9003 | HG8: 34103 | HH8: 8178 | HI8: 9357 | HJ8: 15671 | HK8: 16882 | HL8: 10782 | HM8: 16184 | HN8: 29102 | HO8: 6560 | HP8: 12807 | HQ8: 39427 | HR8: 27035 | HS8: 31063 | HT8: 10623 | HU8: 13488 | HV8: 3582 | HW8: 7400 | HX8: 15367 | HY8: 16520 | HZ8: 26025 | IA8: 36114 | IB8: 25129 | IC8: 3803 | ID8: 15061 | IE8: 18727 | IF8: 7773 | IG8: 31473 | IH8: 14218 | II8: 28531 | IJ8: 7951 | IK8: 13654 | IL8: 27754 | IM8: 15339 | IN8: 30774 | IO8: 25010 | IP8: 8154 | IQ8: 6528 | IR8: 10028 | IS8: 12211 | IT8: 12216 | IU8: 28165 | IV8: 18515 | IW8: 71620 | IX8: 9723 | IY8: 16340 | IZ8: 7776 | JA8: 21525 | JB8: 30770 | JC8: 13929 | JD8: 16817 | JE8: 1711 | JF8: 8113 | JG8: 18224.7 | JH8: 19660 | JI8: 40068 | JJ8: 28697 | JK8: 34526 | JL8: 7230 | JM8: 12738 | JN8: 35863.76 | JO8: 17028 | JP8: 23708 | JQ8: 4844 | JR8: 3815 | JS8: 9492 | JT8: 12716 | JU8: 11890 | JV8: 10298 | JW8: 24511 | JX8: 21740 | JY8: 12216 | JZ8: 5474 | KA8: 17146 | KB8: 20639 | KC8: =3545+2558 -> 6103 | KD8: 27292 | KE8: 15217 | KF8: 40240 | KG8: 6564 | KH8: 12433 | KI8: 14488 | KJ8: 66704 | KK8: 39445 | KL8: 8677 | KM8: 22586 | KN8: 5976 | KO8: 12438 | KP8: 6833 | KQ8: 24578 | KR8: 28547 | KS8: 23294 | KT8: 14232 | KU8: 6278 | KV8: 8494 | KW8: 6755.06 | KX8: 19866 | KY8: 21975 | KZ8: 11878 | LA8: 22300 | LB8: 10244.68 | LC8: 18882 | LD8: 10006 | LE8: 21455 | LF8: 17817 | LG8: 11524 | LH8: 6318 | LI8: 4948.76 | LJ8: 16266.14 | LK8: 14391.38 | LL8: 11617.67 | LM8: 25458.98 | LN8: 21475.32 | LO8: 7522.34 | LP8: 5723.72 | LQ8: 13795.34 | LR8: 20479 | LS8: 14606 | LT8: 34055.97 | LU8: 21740 | LV8: 12216 | LW8: 3219 | LX8: 7899 | LY8: 13011 | LZ8: 37103 | MA8: 19625 | MB8: 17465 | MC8: 16475 | MD8: 1152 | ME8: 16212 | MF8: 5885 | MG8: 12712 | MH8: 31694 | MI8: 52180 | MJ8: 19473 | MK8: 5939 | ML8: 14030 | MM8: 12145 | MN8: 16789 | MO8: 7811 | MP8: 21740 | MQ8: 12216 | MR8: 3219 | MS8: 7899 | MT8: 12211 | MU8: 15476 | MV8: 37807 | MW8: 35331 | MX8: 6623 | MY8: 3117 | MZ8: 12543 | NA8: 8877 | NB8: 7603 | NC8: 32821 | ND8: 5145 | NE8: 18048 | NF8: 9113 | NG8: 10671 | NH8: 14509 | NI8: 15155 | NJ8: 26642 | NK8: 25152 | NL8: 16869 | NM8: 9003 | NN8: 20795 | NO8: 10258 | NP8: 259954 | NQ8: 26844 | NR8: 29320 | NS8: 21867 | NT8: 13093 | NU8: 10893 | NV8: 46247 | NW8: 15265 | NX8: 28112 | NY8: 19721 | NZ8: 9229 | OA8: 2857 | OB8: 13665 | OC8: 13785 | OD8: 30795.76 | OE8: 27578 | OF8: 15064 | OG8: 18372 | OH8: 2201 | OI8: 33299.66 | OJ8: 17660.19 | OK8: 11681.31 | OL8: 25799.48 | OM8: 1970.4 | ON8: 17861.29 | OO8: 6490.65 | OP8: 13506.51 | OQ8: 31898.18 | OR8: 15502.94 | OS8: 34199.52 | OT8: 3003.72 | OU8: 0 | OV8: 3430.05 | OW8: 8685.62 | OX8: 19110.57 | OY8: 11575.33 | OZ8: 27069.54 | PA8: 15867.97 | PB8: 6049.51 | PC8: 6283.19 | PD8: 4545.62 | PE8: 4285.8 | PF8: 11276 | PG8: 18496.57 | PH8: 46134.88 | PI8: 15844 | PJ8: 3326 | PK8: 8838.78 | PL8: 4587.56 | PM8: 4766.15 | PN8: 38319.67 | PO8: 7376.6 | PP8: 3600.95 | PQ8: 303 | PR8: 2907 | PS8: 1813.94 | PT8: 4648.94 | PU8: 27387.92 | PV8: 7291 | PW8: 951.43 | PX8: 2371.86 | PY8: 5652.72 | PZ8: 6961.29 | QA8: 10574.45 | QB8: 11591.8 | QC8: 7332.29 | QD8: 1700.96 | QE8: 1827.53 | QF8: 3866.92 | QG8: 1633.25 | QH8: 7979.47 | QI8: 26595.75 | QJ8: 13645.73 | QK8: 11952.63 | QL8: 6335.63 | QM8: 10386.49 | QN8: 41081.71 | QO8: 14545 | QP8: 57025.12 | QQ8: 14652.89 | QR8: 29106.42 | QS8: 6647.28 | QT8: 10000 | QU8: 6580.61 | QV8: 14474.49 | QW8: 32399.69 | QX8: 16533.51 | QY8: 7364 | QZ8: 5834 | RA8: 13787.54 | RB8: 8734.72 | RC8: 11516 | RD8: 20183 | RE8: 38126.68 | RF8: 11709 | RG8: 3447 | RH8: 22558 | RI8: 29339 | RJ8: 21444 | RK8: 53781 | RL8: 11923.28 | RM8: 14649.97 | RN8: 6082.51 | RO8: 7916 | RP8: 15729 | RQ8: 19410.29 | RR8: 37163 | RS8: 18459.4 | RT8: 15109 | RU8: 7333 | RV8: 16464.52 | RW8: 5806.41 | RX8: 11714.48 | RY8: 44930.67 | RZ8: 21721.9 | SA8: 12665.39 | SB8: 4228.57 | SC8: 9540.78 | SD8: 33362.54 | SE8: 33362.54 | SF8: 30833.87 | SG8: 15004.01
C9: 3 PM - 4 PM | D9: 9981 | E9: 11601 | F9: 4754 | G9: 7411 | H9: 14774 | I9: 14633 | J9: 35917 | K9: 9981 | L9: 11601 | M9: 4754 | N9: 7411 | O9: 14774 | P9: 14633 | Q9: 35917 | R9: 9981 | S9: 11601 | T9: 4754 | U9: 7411 | V9: 14774 | W9: 14633 | X9: 35917 | Y9: 9981 | Z9: 11601 | AA9: 4754 | AB9: 7411 | AC9: 14774 | AD9: 14633 | AE9: 35917 | AF9: 9981 | AG9: 11601 | AH9: 4754 | AI9: 7411 | AJ9: 14774 | AK9: 14633 | AL9: 35917 | AM9: 9981 | AN9: 11601 | AO9: 4754 | AP9: 7411 | AQ9: 14774 | AR9: 14633 | AS9: 35917 | AT9: 9981 | AU9: 11601 | AV9: 4754 | AW9: 7411 | AX9: 14774 | AY9: 14633 | AZ9: 35917 | BA9: 9981 | BB9: 11601 | BC9: 4754 | BD9: 7411 | BE9: 14774 | BF9: 14633 | BG9: 35917 | BH9: 9981 | BI9: 11601 | BJ9: 4754 | BK9: 7411 | BL9: 14774 | BM9: 14633 | BN9: 35917 | BO9: 9981 | BP9: 11601 | BQ9: 4754 | BR9: 7411 | BS9: 14774 | BT9: 14633 | BU9: 35917 | BV9: 9981 | BW9: 11601 | BX9: 4754 | BY9: 7411 | BZ9: 14774 | CA9: 14633 | CB9: 35917 | CC9: 9981 | CD9: 11601 | CE9: 4754 | CF9: 7411 | CG9: 14774 | CH9: 14633 | CI9: 35917 | CJ9: 9981 | CK9: 11601 | CL9: 4754 | CM9: 7411 | CN9: 14774 | CO9: 14633 | CP9: 35917 | CQ9: 9981 | CR9: 11601 | CS9: 4754 | CT9: 7411 | CU9: 14774 | CV9: 14633 | CW9: 35917 | CX9: 9981 | CY9: 11601 | CZ9: 4754 | DA9: 7411 | DB9: 4754 | DC9: 3859 | DD9: 27804 | DE9: 11299 | DF9: 6712 | DG9: 475 | DH9: 9061 | DI9: 17719 | DJ9: 5220 | DK9: 29169 | DL9: 13167 | DM9: 24719 | DN9: 3824 | DO9: 13209 | DP9: 12205 | DQ9: 4684 | DR9: 32342 | DS9: 9612 | DT9: 8875 | DU9: 1984 | DV9: 7544 | DW9: 6066 | DX9: 2982 | DY9: 18647 | DZ9: 8854 | EA9: 16255 | EB9: 16254 | EC9: 19 | ED9: 5429 | EE9: 5730 | EF9: 26756 | EG9: 12229 | EH9: 17619.22 | EI9: 2603 | EJ9: 10737 | EK9: 8249 | EL9: 7469 | EM9: 28137 | EN9: 19986 | EO9: 7919 | EP9: 1958 | EQ9: 12204 | ER9: 10927 | ES9: 10032 | ET9: 22329.21 | EU9: 11403 | EV9: 17570.74 | EW9: 4688.92 | EX9: 12267 | EY9: 9945 | EZ9: 51601 | FA9: 38915 | FB9: 15392 | FC9: 4595.67 | FD9: 2915 | FE9: 570 | FF9: 3173 | FG9: 768 | FH9: 6335 | FI9: 4597 | FJ9: 6951 | FK9: 973 | FL9: 5323 | FM9: 14885 | FN9: 6973 | FO9: 38935 | FP9: 10332 | FQ9: 22031 | FR9: 2984 | FS9: 12128 | FT9: 15600 | FU9: 23409 | FV9: 47499 | FW9: 14739 | FX9: 15131 | FY9: 2693 | FZ9: 9225 | GA9: 21731 | GB9: 16333 | GC9: 24150 | GD9: 14657 | GE9: 9009 | GF9: 2395 | GG9: 10708 | GH9: 5065 | GI9: 19289 | GJ9: 32413 | GK9: 7165 | GL9: 11694.111 | GM9: 2524 | GN9: 12667 | GO9: 6634 | GP9: 15314 | GQ9: 51416 | GR9: 9759 | GS9: 5852.48 | GT9: 7495 | GU9: 10916 | GV9: 11953 | GW9: 15604 | GX9: 25619 | GY9: 7193 | GZ9: 18555 | HA9: 4754 | HB9: 7411 | HC9: 13352 | HD9: 15726 | HE9: 19419 | HF9: 23734 | HG9: 10125 | HH9: 5379 | HI9: 12055 | HJ9: 11983 | HK9: 12590 | HL9: 13238 | HM9: 7817 | HN9: 38916 | HO9: 1713 | HP9: 8380 | HQ9: 40466 | HR9: 9998 | HS9: 29816 | HT9: 13359 | HU9: 19242 | HV9: 1417 | HW9: 13994 | HX9: 14699 | HY9: 9180 | HZ9: 31766 | IA9: 11374 | IB9: 19095 | IC9: 8114 | ID9: 11104 | IE9: 21603 | IF9: 38358 | IG9: 44301 | IH9: 21498 | II9: 33753 | IJ9: 947 | IK9: 8198 | IL9: 17656 | IM9: 12886 | IN9: 26935 | IO9: 8692 | IP9: 12993 | IQ9: 3482 | IR9: 8365 | IS9: 14774 | IT9: 11601 | IU9: 14701 | IV9: 16705 | IW9: 10645 | IX9: 5965 | IY9: 13087 | IZ9: 23139 | JA9: 18883 | JB9: 35098 | JC9: 10638 | JD9: 8577 | JE9: 3741 | JF9: 9283 | JG9: 9635.59 | JH9: 23898 | JI9: 25888 | JJ9: 8023 | JK9: 19665 | JL9: 4820 | JM9: 17778 | JN9: 14692.58 | JO9: 22762 | JP9: 29916 | JQ9: 3834 | JR9: 2859 | JS9: 3160 | JT9: 9931 | JU9: 11893 | JV9: 16693 | JW9: 35917 | JX9: 9981 | JY9: 11601 | JZ9: 4239 | KA9: 9436 | KB9: 8910 | KC9: 17038 | KD9: 47016 | KE9: 14832 | KF9: 7783 | KG9: 5376 | KH9: 5895 | KI9: 22056 | KJ9: 17751 | KK9: 43386 | KL9: 16974 | KM9: 23007 | KN9: 1834 | KO9: 13422 | KP9: 11045 | KQ9: 6332 | KR9: 51219 | KS9: 12582 | KT9: 7960 | KU9: 8145 | KV9: 14409 | KW9: 7662.25 | KX9: 16159 | KY9: 42253 | KZ9: 8810 | LA9: 14581 | LB9: 4584.86 | LC9: 11005 | LD9: 15422 | LE9: 9651 | LF9: 23003 | LG9: 17051 | LH9: 13949 | LI9: 4260.09 | LJ9: 11545.28 | LK9: 8589.03 | LL9: 9467.79 | LM9: 39704.28 | LN9: 3451.86 | LO9: 12338.89 | LP9: 502.86 | LQ9: 14105.37 | LR9: 7593 | LS9: 7684 | LT9: 49513.89 | LU9: 9981 | LV9: 11601 | LW9: 4754 | LX9: 7411 | LY9: 14072 | LZ9: 31441 | MA9: 30204 | MB9: 12524 | MC9: 7166 | MD9: 5520 | ME9: 20996 | MF9: 7924 | MG9: 16477 | MH9: 39982 | MI9: 39764 | MJ9: 10345 | MK9: 8624 | ML9: 14168 | MM9: 15089 | MN9: 17733 | MO9: 11649 | MP9: 9981 | MQ9: 11601 | MR9: 4754 | MS9: 7411 | MT9: 14774 | MU9: 18007 | MV9: 46292 | MW9: 11660 | MX9: 10391 | MY9: 4137 | MZ9: 13109 | NA9: 12161 | NB9: 9587 | NC9: 42096 | ND9: 7763 | NE9: 13091 | NF9: 2165 | NG9: 11910 | NH9: 12155 | NI9: 33881 | NJ9: 32442 | NK9: 19192 | NL9: 12737 | NM9: 4447 | NN9: 16582 | NO9: 11864 | NP9: 13744 | NQ9: 20720 | NR9: 24276 | NS9: 7517 | NT9: 4597 | NU9: 8746 | NV9: 6366 | NW9: 20927 | NX9: 48182 | NY9: 5703 | NZ9: 26184 | OA9: 10345 | OB9: 9399 | OC9: 12529 | OD9: 4657.66 | OE9: 38090 | OF9: 14131 | OG9: 19705 | OH9: 6465 | OI9: 11311.78 | OJ9: 10027.71 | OK9: 11137.74 | OL9: 24619.16 | OM9: 6406.42 | ON9: 15797.82 | OO9: 4643.82 | OP9: 5806.43 | OQ9: 12382.52 | OR9: 14984.87 | OS9: 26301.14 | OT9: 1249.96 | OU9: 0 | OV9: 2041.91 | OW9: 5565.12 | OX9: 11161.29 | OY9: 18633.14 | OZ9: 38835.85 | PA9: 21283.39 | PB9: 5541.99 | PC9: 5319.91 | PD9: 2871.43 | PE9: 4133.25 | PF9: 23760 | PG9: 47207.25 | PH9: 21598.32 | PI9: 19697 | PJ9: 3104 | PK9: 6319.38 | PL9: 10790.98 | PM9: 23827.01 | PN9: 55873.23 | PO9: 16253.49 | PP9: 5392.38 | PQ9: 7410 | PR9: 10247 | PS9: 62746.04 | PT9: 13881.48 | PU9: 64366.32 | PV9: 29709 | PW9: 9152.91 | PX9: 9584.94 | PY9: 10098.36 | PZ9: 2924.84 | QA9: 12759.12 | QB9: 36761.83 | QC9: 10242.16 | QD9: 4749.1 | QE9: 7972.72 | QF9: 1538.36 | QG9: 4715.67 | QH9: 1920.09 | QI9: 22813.25 | QJ9: 16014.02 | QK9: 8612.82 | QL9: 3515.23 | QM9: 13979.48 | QN9: 11855 | QO9: 11257 | QP9: 43992.84 | QQ9: 17672.02 | QR9: 19867.79 | QS9: 2225.45 | QT9: 5188 | QU9: 7726.06 | QV9: 20192.53 | QW9: 36249.7 | QX9: 29223.53 | QY9: 13892 | QZ9: 1925 | RA9: 10703.38 | RB9: 21048.76 | RC9: 15165 | RD9: 15202 | RE9: 4740.44 | RF9: 8987 | RG9: 3292 | RH9: 16510 | RI9: 25477 | RJ9: 9503 | RK9: 36042 | RL9: 16410.99 | RM9: 12008.93 | RN9: 1331.17 | RO9: 11895 | RP9: 13118 | RQ9: 11502.6 | RR9: 35175.19 | RS9: 25484.38 | RT9: 18191 | RU9: 19398 | RV9: 9601.99 | RW9: 8323.46 | RX9: 16307.98 | RY9: 50123.17 | RZ9: 13747.43 | SA9: 20727.99 | SB9: 2573.34 | SC9: 7130.06 | SD9: 15373.15 | SE9: 15373.15 | SF9: 56566.78 | SG9: 13516.71
C10: 4 PM - 5 PM | D10: 11259 | E10: 6767 | F10: 15372 | G10: 6438 | H10: 13387 | I10: 14651 | J10: 67854 | K10: 11259 | L10: 6767 | M10: 15372 | N10: 6438 | O10: 13387 | P10: 14651 | Q10: 67854 | R10: 11259 | S10: 6767 | T10: 15372 | U10: 6438 | V10: 13387 | W10: 14651 | X10: 67854 | Y10: 11259 | Z10: 6767 | AA10: 15372 | AB10: 6438 | AC10: 13387 | AD10: 14651 | AE10: 67854 | AF10: 11259 | AG10: 6767 | AH10: 15372 | AI10: 6438 | AJ10: 13387 | AK10: 14651 | AL10: 67854 | AM10: 11259 | AN10: 6767 | AO10: 15372 | AP10: 6438 | AQ10: 13387 | AR10: 14651 | AS10: 67854 | AT10: 11259 | AU10: 6767 | AV10: 15372 | AW10: 6438 | AX10: 13387 | AY10: 14651 | AZ10: 67854 | BA10: 11259 | BB10: 6767 | BC10: 15372 | BD10: 6438 | BE10: 13387 | BF10: 14651 | BG10: 67854 | BH10: 11259 | BI10: 6767 | BJ10: 15372 | BK10: 6438 | BL10: 13387 | BM10: 14651 | BN10: 67854 | BO10: 11259 | BP10: 6767 | BQ10: 15372 | BR10: 6438 | BS10: 13387 | BT10: 14651 | BU10: 67854 | BV10: 11259 | BW10: 6767 | BX10: 15372 | BY10: 6438 | BZ10: 13387 | CA10: 14651 | CB10: 67854 | CC10: 11259 | CD10: 6767 | CE10: 15372 | CF10: 6438 | CG10: 13387 | CH10: 14651 | CI10: 67854 | CJ10: 11259 | CK10: 6767 | CL10: 15372 | CM10: 6438 | CN10: 13387 | CO10: 14651 | CP10: 67854 | CQ10: 11259 | CR10: 6767 | CS10: 15372 | CT10: 6438 | CU10: 13387 | CV10: 14651 | CW10: 67854 | CX10: 11259 | CY10: 6767 | CZ10: 15372 | DA10: 6438 | DB10: 15372 | DC10: 2545 | DD10: 16621 | DE10: 8116 | DF10: 9953 | DG10: 3921 | DH10: 3709 | DI10: 22060 | DJ10: 13760 | DK10: 14703 | DL10: 4511 | DM10: 10090 | DN10: 5739 | DO10: 11280 | DP10: 5112 | DQ10: 10742 | DR10: 24680 | DS10: 6709 | DT10: 10990 | DU10: 1459 | DV10: 5910 | DW10: 6355 | DX10: 10734 | DY10: 42505 | DZ10: 16585 | EA10: 11965 | EB10: 11965 | EC10: 2583 | ED10: 13185 | EE10: 4712 | EF10: 24481 | EG10: 8518 | EH10: 7394 | EI10: 1803 | EJ10: 8260 | EK10: 8119 | EL10: 13716 | EM10: 49176 | EN10: 6856 | EO10: 8814 | EP10: 6784 | EQ10: 7920 | ER10: 7126 | ES10: 9486 | ET10: 39564.62 | EU10: 8136 | EV10: 11090.49 | EW10: 6077.91 | EX10: 8719 | EY10: 11080 | EZ10: 26054 | FA10: 43619 | FB10: 10317 | FC10: 6238.54 | FD10: 4849 | FE10: 1426 | FF10: 3792 | FG10: 4618 | FH10: 5414 | FI10: 522 | FJ10: 4219 | FK10: 5998 | FL10: 11108 | FM10: 7572 | FN10: 17248 | FO10: 16332 | FP10: 8115 | FQ10: 24617 | FR10: 30682 | FS10: 11801 | FT10: 17331 | FU10: 7607 | FV10: 33082 | FW10: 10321 | FX10: 6449 | FY10: 2344 | FZ10: 3599 | GA10: 8699 | GB10: 13663 | GC10: 19478 | GD10: 11009 | GE10: 24076 | GF10: 2573 | GG10: 6111 | GH10: 4006 | GI10: 13538 | GJ10: 53397 | GK10: 13439 | GL10: 20078.96 | GM10: 3475 | GN10: 10877 | GO10: 9493 | GP10: 12500 | GQ10: 56962 | GR10: 13489 | GS10: 10601.05 | GT10: 2144 | GU10: 22339 | GV10: 10836 | GW10: 11637 | GX10: 31154 | GY10: 8294 | GZ10: 7758 | HA10: 15372 | HB10: 6438 | HC10: 6078 | HD10: 17237 | HE10: 32886 | HF10: 13408 | HG10: 10139 | HH10: 5525 | HI10: 18399 | HJ10: 15658 | HK10: 15449 | HL10: 11543 | HM10: 13064 | HN10: 11314 | HO10: 10853 | HP10: 18043 | HQ10: 13493 | HR10: 11717 | HS10: 40803 | HT10: 15324 | HU10: 11013 | HV10: 1350 | HW10: 9596 | HX10: 9771 | HY10: 12665 | HZ10: 46459 | IA10: 14534 | IB10: 10627 | IC10: 5168 | ID10: 11095 | IE10: 8449 | IF10: 20473 | IG10: 53319 | IH10: 13120 | II10: 9624 | IJ10: 4046 | IK10: 6502 | IL10: 13494 | IM10: 12455 | IN10: 55016 | IO10: 13629 | IP10: 13815 | IQ10: 6261 | IR10: 6375 | IS10: 13387 | IT10: 6767 | IU10: 21026 | IV10: 8025 | IW10: 15629 | IX10: 6573 | IY10: 16814 | IZ10: 1012 | JA10: 19898 | JB10: 45464 | JC10: 9209 | JD10: 14778 | JE10: 9549 | JF10: 11021 | JG10: 21618.1 | JH10: 5209 | JI10: 31912 | JJ10: 9892 | JK10: 8938 | JL10: 4465 | JM10: 14024 | JN10: 6367.97 | JO10: 34859 | JP10: 52468 | JQ10: 13369 | JR10: 10789 | JS10: 2401 | JT10: 7017 | JU10: 4733 | JV10: 28310 | JW10: 67854 | JX10: 11259 | JY10: 6767 | JZ10: 4045 | KA10: 14441 | KB10: 15011 | KC10: 19252 | KD10: 61504 | KE10: 5927 | KF10: 12767 | KG10: 7251 | KH10: 13778 | KI10: 12495 | KJ10: 13464 | KK10: 49147 | KL10: 12034 | KM10: 10057 | KN10: 8375 | KO10: 13317 | KP10: 9238 | KQ10: 10021 | KR10: 88613 | KS10: 13226 | KT10: 15041 | KU10: 19738 | KV10: 17116 | KW10: 6492.03 | KX10: 18633 | KY10: 73063 | KZ10: 5883 | LA10: 21603 | LB10: 2726.84 | LC10: 15760 | LD10: 10532 | LE10: 9919 | LF10: 45220 | LG10: 21207 | LH10: 11292 | LI10: 4139.66 | LJ10: 14069.51 | LK10: 14404.33 | LL10: 11434.63 | LM10: 55388.45 | LN10: 8349.19 | LO10: 17339.6 | LP10: 13050.15 | LQ10: 11830.21 | LR10: 14860 | LS10: 18454 | LT10: 53358.31 | LU10: 11259 | LV10: 6767 | LW10: 15372 | LX10: 6438 | LY10: 4139 | LZ10: 26225 | MA10: 57372 | MB10: 9614 | MC10: 13150 | MD10: 6712 | ME10: 10703 | MF10: 16305 | MG10: 98479 | MH10: 53921 | MI10: 10990 | MJ10: 12297 | MK10: 5690 | ML10: 7302 | MM10: 9870 | MN10: 14930 | MO10: 21792 | MP10: 11259 | MQ10: 6767 | MR10: 15372 | MS10: 6438 | MT10: 13387 | MU10: 16980 | MV10: 66393 | MW10: 23256 | MX10: 2215 | MY10: 5202 | MZ10: 16455 | NA10: 5141 | NB10: 25948 | NC10: 47291 | ND10: 7023 | NE10: 28971 | NF10: 4994 | NG10: 11125 | NH10: 17487 | NI10: 17022 | NJ10: 52078 | NK10: 16067 | NL10: 13053 | NM10: 7954 | NN10: 9149 | NO10: 13487 | NP10: 11374 | NQ10: 29468 | NR10: 23767 | NS10: 13743 | NT10: 7513 | NU10: 6505 | NV10: 17869 | NW10: 14868 | NX10: 69110 | NY10: 9463 | NZ10: 10872 | OA10: 6527 | OB10: 14670 | OC10: 14279 | OD10: 15316.46 | OE10: 47978 | OF10: 10514 | OG10: 11070 | OH10: 3923 | OI10: 10824.25 | OJ10: 9656.36 | OK10: 14281.62 | OL10: 40521.26 | OM10: 3053.77 | ON10: 8249.7 | OO10: 1370.22 | OP10: 7498.61 | OQ10: 29759.66 | OR10: 13816.97 | OS10: 45974.94 | OT10: 0 | OU10: 5072.11 | OV10: 2026.5 | OW10: 24450.83 | OX10: 15074.78 | OY10: 20195.84 | OZ10: 57375.79 | PA10: 15663.96 | PB10: 14528.4 | PC10: 2874.98 | PD10: 8799.57 | PE10: 3835.68 | PF10: 12084 | PG10: 54663.19 | PH10: 22454.72 | PI10: 31145 | PJ10: 9411 | PK10: 23984.15 | PL10: 17818.26 | PM10: 14310.36 | PN10: 92875.7 | PO10: 21207.94 | PP10: 23523.36 | PQ10: 7291 | PR10: 11804 | PS10: 13243.62 | PT10: 17615.85 | PU10: 74709.43 | PV10: 28821 | PW10: 14589.16 | PX10: 15611.11 | PY10: 22093.25 | PZ10: 23163.45 | QA10: 23473.85 | QB10: 51590.87 | QC10: 11330.46 | QD10: 14999.56 | QE10: 13869.77 | QF10: 2997.4 | QG10: 9031.26 | QH10: 1855.84 | QI10: 35378.38 | QJ10: 18915.16 | QK10: 11094.18 | QL10: 4546.83 | QM10: 12480.54 | QN10: 10553 | QO10: 16761 | QP10: 49565.81 | QQ10: 31039.42 | QR10: 9452.81 | QS10: 4669.18 | QT10: 16382 | QU10: 12386.84 | QV10: 18912.06 | QW10: 46752.18 | QX10: 11161.11 | QY10: 8990 | QZ10: 7134 | RA10: 11624 | RB10: 8930.13 | RC10: 16892 | RD10: 24137 | RE10: 16480.2 | RF10: 18479 | RG10: 6024 | RH10: 17026 | RI10: 7700 | RJ10: 8298 | RK10: 41832 | RL10: 16260.09 | RM10: 11317.92 | RN10: 2758.1 | RO10: 25222 | RP10: 7470 | RQ10: 14789.64 | RR10: 50547.68 | RS10: 20723 | RT10: 26260 | RU10: 29781 | RV10: 17498.37 | RW10: 19957.32 | RX10: 7805.3 | RY10: 49920.06 | RZ10: 15590.3 | SA10: 7299.16 | SB10: 7020.35 | SC10: 11738.2 | SD10: 15228.31 | SE10: 15228.31 | SF10: 61812.19 | SG10: 18994.27
C11: 5 PM - 6 PM | D11: 6524 | E11: 10031 | F11: 21761 | G11: 10245 | H11: 14046 | I11: 12374 | J11: 70751 | K11: 6524 | L11: 10031 | M11: 21761 | N11: 10245 | O11: 14046 | P11: 12374 | Q11: 70751 | R11: 6524 | S11: 10031 | T11: 21761 | U11: 10245 | V11: 14046 | W11: 12374 | X11: 70751 | Y11: 6524 | Z11: 10031 | AA11: 21761 | AB11: 10245 | AC11: 14046 | AD11: 12374 | AE11: 70751 | AF11: 6524 | AG11: 10031 | AH11: 21761 | AI11: 10245 | AJ11: 14046 | AK11: 12374 | AL11: 70751 | AM11: 6524 | AN11: 10031 | AO11: 21761 | AP11: 10245 | AQ11: 14046 | AR11: 12374 | AS11: 70751 | AT11: 6524 | AU11: 10031 | AV11: 21761 | AW11: 10245 | AX11: 14046 | AY11: 12374 | AZ11: 70751 | BA11: 6524 | BB11: 10031 | BC11: 21761 | BD11: 10245 | BE11: 14046 | BF11: 12374 | BG11: 70751 | BH11: 6524 | BI11: 10031 | BJ11: 21761 | BK11: 10245 | BL11: 14046 | BM11: 12374 | BN11: 70751 | BO11: 6524 | BP11: 10031 | BQ11: 21761 | BR11: 10245 | BS11: 14046 | BT11: 12374 | BU11: 70751 | BV11: 6524 | BW11: 10031 | BX11: 21761 | BY11: 10245 | BZ11: 14046 | CA11: 12374 | CB11: 70751 | CC11: 6524 | CD11: 10031 | CE11: 21761 | CF11: 10245 | CG11: 14046 | CH11: 12374 | CI11: 70751 | CJ11: 6524 | CK11: 10031 | CL11: 21761 | CM11: 10245 | CN11: 14046 | CO11: 12374 | CP11: 70751 | CQ11: 6524 | CR11: 10031 | CS11: 21761 | CT11: 10245 | CU11: 14046 | CV11: 12374 | CW11: 70751 | CX11: 6524 | CY11: 10031 | CZ11: 21761 | DA11: 10245 | DB11: 21761 | DC11: 6822 | DD11: 35430 | DE11: 4346 | DF11: 14070 | DG11: 10256 | DH11: 11171 | DI11: 9510 | DJ11: 11392 | DK11: 12138 | DL11: 13592 | DM11: 10224 | DN11: 4917 | DO11: 12742 | DP11: 5429 | DQ11: 19326 | DR11: 4737 | DS11: 14424 | DT11: 10828 | DU11: 6557 | DV11: 16136 | DW11: 6476 | DX11: 13794 | DY11: 47334 | DZ11: 30174 | EA11: 14997 | EB11: 14496 | EC11: 6418 | ED11: 14393 | EE11: 8798 | EF11: 47596 | EG11: 12272 | EH11: 14395 | EI11: 12447 | EJ11: 11047 | EK11: 5162 | EL11: 18690 | EM11: 43877 | EN11: 13905 | EO11: 17755 | EP11: 9398 | EQ11: 22528 | ER11: 11710 | ES11: 18962 | ET11: 43666.81 | EU11: 8699.21 | EV11: 16214.45 | EW11: 14490.13 | EX11: 14772 | EY11: 9483 | EZ11: 12795 | FA11: 47654 | FB11: 15208 | FC11: 4648.75 | FD11: 14399 | FE11: 7192 | FF11: 885 | FG11: 5437 | FH11: 8904 | FI11: 4233 | FJ11: 3088 | FK11: 5923 | FL11: 11094 | FM11: 12585 | FN11: 21116 | FO11: 24049 | FP11: 16356 | FQ11: 11028 | FR11: 10011 | FS11: 13807 | FT11: 22272 | FU11: 10520 | FV11: 53057 | FW11: 16659 | FX11: 16523 | FY11: 8055 | FZ11: 13500 | GA11: 14542 | GB11: 16771 | GC11: 37597 | GD11: 16727 | GE11: 13459 | GF11: 8211 | GG11: 13187 | GH11: 12426 | GI11: 13742 | GJ11: 51578 | GK11: 8854 | GL11: 10860.34 | GM11: 9798 | GN11: 10300 | GO11: 11263 | GP11: 18382 | GQ11: 73694 | GR11: 17030 | GS11: 15282.34 | GT11: 8254 | GU11: 12303 | GV11: 7962 | GW11: 14354 | GX11: 47531 | GY11: 24663 | GZ11: 12127 | HA11: 21761 | HB11: 10245 | HC11: 10332 | HD11: 14422 | HE11: 44885 | HF11: 6794 | HG11: 13076 | HH11: 11440 | HI11: 16030 | HJ11: 9571 | HK11: 18865 | HL11: 35945 | HM11: 13598 | HN11: 24005 | HO11: 5952 | HP11: 15426 | HQ11: 12204 | HR11: 21891 | HS11: 65486 | HT11: 9803 | HU11: 13112 | HV11: 7377 | HW11: 15819 | HX11: 25805 | HY11: 14439 | HZ11: 66931 | IA11: 19206 | IB11: 11197 | IC11: 12093 | ID11: 14416 | IE11: 22355 | IF11: 20236 | IG11: 68753 | IH11: 17077 | II11: 11888 | IJ11: 13659 | IK11: 12866 | IL11: 20417 | IM11: 28198 | IN11: 70784 | IO11: 24522 | IP11: 8979 | IQ11: 9842 | IR11: 18025 | IS11: 14046 | IT11: 10031 | IU11: 23967 | IV11: 10809 | IW11: 10785 | IX11: 14017 | IY11: 12460 | IZ11: 16123 | JA11: 14110 | JB11: 71447 | JC11: 19721 | JD11: 23046 | JE11: 31117 | JF11: 23211 | JG11: 6782.19 | JH11: 16505 | JI11: 70053 | JJ11: 14579 | JK11: 8950 | JL11: 11636 | JM11: 7933 | JN11: 8718.95 | JO11: 14955 | JP11: 62379 | JQ11: 7795 | JR11: 16187 | JS11: 10185 | JT11: 13040 | JU11: 23360 | JV11: 14795 | JW11: 70751 | JX11: 6524 | JY11: 10031 | JZ11: 7644 | KA11: 24272 | KB11: 7132 | KC11: 25086 | KD11: 66300 | KE11: 11633 | KF11: 18856 | KG11: 13650 | KH11: 12312 | KI11: 10282 | KJ11: 10793 | KK11: 57716 | KL11: 12662 | KM11: 22708 | KN11: 13741 | KO11: 22169 | KP11: 29451 | KQ11: 11923 | KR11: 62984 | KS11: 14485 | KT11: 21549 | KU11: 15602 | KV11: 26260 | KW11: 11158.51 | KX11: 35353 | KY11: 89599 | KZ11: 14852 | LA11: 10642 | LB11: 14088.41 | LC11: 21375 | LD11: 4205 | LE11: 17602 | LF11: 76516 | LG11: 20659 | LH11: 22864 | LI11: 13887.81 | LJ11: 26696.81 | LK11: 11325.52 | LL11: 20765.64 | LM11: 82303.31 | LN11: 18678.02 | LO11: 9958.6 | LP11: 7434.21 | LQ11: 18634.99 | LR11: 21189 | LS11: 18587 | LT11: 78851.33 | LU11: 6524 | LV11: 10031 | LW11: 21761 | LX11: 10245 | LY11: 6314 | LZ11: 21318 | MA11: 88949 | MB11: 14968 | MC11: 13813 | MD11: 8747 | ME11: 24645 | MF11: 17072 | MG11: 18694 | MH11: 91058 | MI11: 24769 | MJ11: 12648 | MK11: 15619 | ML11: 26861 | MM11: 8320 | MN11: 11763 | MO11: 37907 | MP11: 6524 | MQ11: 10031 | MR11: 21761 | MS11: 10245 | MT11: 14046 | MU11: 28229 | MV11: 90339 | MW11: 12593 | MX11: 7232 | MY11: 9288 | MZ11: 15919 | NA11: 14045 | NB11: 35531 | NC11: 73114 | ND11: 15525 | NE11: 20423 | NF11: 4785 | NG11: 225154 | NH11: 12805 | NI11: 15159 | NJ11: 72896 | NK11: 13640 | NL11: 2982 | NM11: 10379 | NN11: 13117 | NO11: 10580 | NP11: 17385 | NQ11: 38550 | NR11: 11905 | NS11: 12374 | NT11: 7349 | NU11: 6271 | NV11: 23037 | NW11: 17623 | NX11: 64465 | NY11: 8727 | NZ11: 14120 | OA11: 9422 | OB11: 22317 | OC11: 14755 | OD11: 22709.53 | OE11: 52498 | OF11: 13175 | OG11: 21429 | OH11: 10162 | OI11: 13669.14 | OJ11: 3000.96 | OK11: 22062.12 | OL11: 71687.03 | OM11: 3692.04 | ON11: 10391.02 | OO11: 13293.59 | OP11: 10980.79 | OQ11: 9801.63 | OR11: 15838.61 | OS11: 57033.07 | OT11: 4296.63 | OU11: 848.4 | OV11: 3209.78 | OW11: 24429.35 | OX11: 8960.28 | OY11: 15389.43 | OZ11: 56202.9 | PA11: 20868.39 | PB11: 8172.66 | PC11: 9104.75 | PD11: 18501.9 | PE11: 2918.95 | PF11: 3787 | PG11: 50187.08 | PH11: 34557.95 | PI11: 1044 | PJ11: 17286 | PK11: 28888.86 | PL11: 23032.28 | PM11: 33468.79 | PN11: 51269.69 | PO11: 9856.88 | PP11: 24851.7 | PQ11: 22728 | PR11: 18278 | PS11: 24745.46 | PT11: 28996.19 | PU11: 55080.27 | PV11: 51194 | PW11: 35221.13 | PX11: 23599.21 | PY11: 40744.61 | PZ11: 33199.16 | QA11: 28141.19 | QB11: 71685.19 | QC11: 34270.29 | QD11: 29943.44 | QE11: 17251.59 | QF11: 6284.24 | QG11: 12956.38 | QH11: 7728.84 | QI11: 41920.94 | QJ11: 15494.87 | QK11: 18789.09 | QL11: 17676 | QM11: 13747.62 | QN11: 5764 | QO11: 19744 | QP11: 76715.07 | QQ11: 32844.99 | QR11: 17933.05 | QS11: 13918.96 | QT11: 17446 | QU11: 11551.6 | QV11: 18317.3 | QW11: 55584.06 | QX11: 17425.78 | QY11: 19201 | QZ11: 7532 | RA11: 17124.5 | RB11: 12945.89 | RC11: 20591 | RD11: 34004 | RE11: 17609.62 | RF11: 8308 | RG11: 14196 | RH11: 17309 | RI11: 5458 | RJ11: 19442 | RK11: 51540 | RL11: 24107.17 | RM11: 18533.41 | RN11: 9071.78 | RO11: 20924 | RP11: 8946 | RQ11: 29195.59 | RR11: 63277.64 | RS11: 22715 | RT11: 12622 | RU11: 33142 | RV11: 23238.8 | RW11: 17761.57 | RX11: 21818.01 | RY11: 73528.45 | RZ11: 26601.84 | SA11: 11842.52 | SB11: 5170.04 | SC11: 8998.61 | SD11: 21014.26 | SE11: 21014.26 | SF11: 53092.79 | SG11: 15538.6
C12: 6 PM - 7 PM | D12: 32815 | E12: 14023 | F12: 31527 | G12: 12536 | H12: 18566 | I12: 19275 | J12: 82264 | K12: 32815 | L12: 14023 | M12: 31527 | N12: 12536 | O12: 18566 | P12: 19275 | Q12: 82264 | R12: 32815 | S12: 14023 | T12: 31527 | U12: 12536 | V12: 18566 | W12: 19275 | X12: 82264 | Y12: 32815 | Z12: 14023 | AA12: 31527 | AB12: 12536 | AC12: 18566 | AD12: 19275 | AE12: 82264 | AF12: 32815 | AG12: 14023 | AH12: 31527 | AI12: 12536 | AJ12: 18566 | AK12: 19275 | AL12: 82264 | AM12: 32815 | AN12: 14023 | AO12: 31527 | AP12: 12536 | AQ12: 18566 | AR12: 19275 | AS12: 82264 | AT12: 32815 | AU12: 14023 | AV12: 31527 | AW12: 12536 | AX12: 18566 | AY12: 19275 | AZ12: 82264 | BA12: 32815 | BB12: 14023 | BC12: 31527 | BD12: 12536 | BE12: 18566 | BF12: 19275 | BG12: 82264 | BH12: 32815 | BI12: 14023 | BJ12: 31527 | BK12: 12536 | BL12: 18566 | BM12: 19275 | BN12: 82264 | BO12: 32815 | BP12: 14023 | BQ12: 31527 | BR12: 12536 | BS12: 18566 | BT12: 19275 | BU12: 82264 | BV12: 32815 | BW12: 14023 | BX12: 31527 | BY12: 12536 | BZ12: 18566 | CA12: 19275 | CB12: 82264 | CC12: 32815 | CD12: 14023 | CE12: 31527 | CF12: 12536 | CG12: 18566 | CH12: 19275 | CI12: 82264 | CJ12: 32815 | CK12: 14023 | CL12: 31527 | CM12: 12536 | CN12: 18566 | CO12: 19275 | CP12: 82264 | CQ12: 32815 | CR12: 14023 | CS12: 31527 | CT12: 12536 | CU12: 18566 | CV12: 19275 | CW12: 82264 | CX12: 32815 | CY12: 14023 | CZ12: 31527 | DA12: 12536 | DB12: 31527 | DC12: 12913 | DD12: 33834 | DE12: 4934 | DF12: 9022 | DG12: 8893 | DH12: 11274 | DI12: 12658 | DJ12: 13009 | DK12: 49614 | DL12: 23123 | DM12: 17024 | DN12: 14390 | DO12: 24607 | DP12: 11970 | DQ12: 25727 | DR12: 51370 | DS12: 19958 | DT12: 14644 | DU12: 9987 | DV12: 16404 | DW12: 8428 | DX12: 27744 | DY12: 77068 | DZ12: 12106 | EA12: 14747 | EB12: 14746 | EC12: 5734 | ED12: 20154 | EE12: 9933 | EF12: 72387 | EG12: 9557 | EH12: 12396 | EI12: 15769 | EJ12: 25277 | EK12: 5285 | EL12: 16690 | EM12: 71778 | EN12: 19335 | EO12: 19296 | EP12: 11333 | EQ12: 23788 | ER12: 17600 | ES12: 28030 | ET12: 60596.97 | EU12: 12208.75 | EV12: 21709.69 | EW12: 13659.66 | EX12: 30092 | EY12: 7437 | EZ12: 17378 | FA12: 59447 | FB12: 19958 | FC12: 6758.8 | FD12: 14756 | FE12: 2036 | FF12: 22299 | FG12: 11290 | FH12: 35866 | FI12: 9169 | FJ12: 19248 | FK12: 12934 | FL12: 12234 | FM12: 13014 | FN12: 22301 | FO12: 39951 | FP12: 20976 | FQ12: 20736 | FR12: 17114 | FS12: 19561 | FT12: 22098 | FU12: 23858 | FV12: 55641 | FW12: 17302 | FX12: 23105 | FY12: 14281 | FZ12: 14036 | GA12: 20615 | GB12: 30045 | GC12: 69839 | GD12: 18590 | GE12: 20544 | GF12: 36967 | GG12: 20414 | GH12: 12475 | GI12: 28418 | GJ12: 82890 | GK12: 18098 | GL12: 18533.98 | GM12: 12507 | GN12: 17370 | GO12: 15847 | GP12: 31579 | GQ12: 5305 | GR12: 28941 | GS12: 18801.55 | GT12: 13500 | GU12: 16749 | GV12: 14360 | GW12: 13419 | GX12: 96883 | GY12: 20293 | GZ12: 24184 | HA12: 31527 | HB12: 12536 | HC12: 16951 | HD12: 20399 | HE12: 70357 | HF12: 18554 | HG12: 20445 | HH12: 12807 | HI12: 22001 | HJ12: 21034 | HK12: 21683 | HL12: 45137 | HM12: 12208 | HN12: 20687 | HO12: 22582 | HP12: 19872 | HQ12: 15004 | HR12: 18702 | HS12: 71259 | HT12: 19993 | HU12: 14962 | HV12: 16750 | HW12: 18618 | HX12: 27496 | HY12: 20514 | HZ12: 100700 | IA12: 15613 | IB12: 20058 | IC12: 17492 | ID12: 27441 | IE12: 16884 | IF12: 14238 | IG12: 79905 | IH12: 23135 | II12: 16163 | IJ12: 18034 | IK12: 22008 | IL12: 14465 | IM12: 25593 | IN12: 91087 | IO12: 21601 | IP12: 28709 | IQ12: 17056 | IR12: 30061 | IS12: 18566 | IT12: 14023 | IU12: 33783 | IV12: 8880 | IW12: 8032 | IX12: 15573 | IY12: 24764 | IZ12: 13279 | JA12: 25484 | JB12: 98130 | JC12: 26132 | JD12: 23300 | JE12: 21618 | JF12: 24043 | JG12: 23851.64 | JH12: 17807 | JI12: 94947 | JJ12: 23270 | JK12: 30367 | JL12: 20399 | JM12: 20085 | JN12: 17072.4 | JO12: 23384 | JP12: 76024 | JQ12: 15117 | JR12: 15617 | JS12: 23535 | JT12: 15612 | JU12: 19029 | JV12: 21811 | JW12: 82264 | JX12: 32815 | JY12: 14023 | JZ12: 20671 | KA12: 29658 | KB12: 21790 | KC12: 14639 | KD12: 88333 | KE12: 22646 | KF12: 17897 | KG12: 13566 | KH12: 190224 | KI12: 12039 | KJ12: 31586 | KK12: 82869 | KL12: 10815 | KM12: 24970 | KN12: 14252 | KO12: 29411 | KP12: 26276 | KQ12: 28666 | KR12: 87880 | KS12: 13773 | KT12: 25324 | KU12: 10323 | KV12: 19722 | KW12: 7700.77 | KX12: 40467 | KY12: 88509 | KZ12: 31696 | LA12: 19402 | LB12: 27046.06 | LC12: 36901 | LD12: 17671 | LE12: 32412 | LF12: 77633 | LG12: 16800 | LH12: 10881 | LI12: 23153.1 | LJ12: 22132.48 | LK12: 25147.96 | LL12: 22770 | LM12: 95868.6 | LN12: 17364.41 | LO12: 30095.73 | LP12: 15483.98 | LQ12: 27987.54 | LR12: 38617 | LS12: 40421 | LT12: 81805.37 | LU12: 32815 | LV12: 14023 | LW12: 31527 | LX12: 12536 | LY12: 20547 | LZ12: 28197 | MA12: 84516 | MB12: 10196 | MC12: 25318 | MD12: 22570 | ME12: 27885 | MF12: 13034 | MG12: 21788 | MH12: 66194 | MI12: 17447 | MJ12: 12646 | MK12: 22438 | ML12: 23774 | MM12: 11014 | MN12: 30910 | MO12: 51433 | MP12: 32815 | MQ12: 14023 | MR12: 31527 | MS12: 12536 | MT12: 18566 | MU12: 32627 | MV12: 50525 | MW12: 24536 | MX12: 17037 | MY12: 15643 | MZ12: 26850 | NA12: 13505 | NB12: 31653 | NC12: 102716 | ND12: 30837 | NE12: 22276 | NF12: 12956 | NG12: 19230 | NH12: 17884 | NI12: 20711 | NJ12: 54428 | NK12: 32324 | NL12: 20080 | NM12: 27417 | NN12: 20307 | NO12: 16232 | NP12: 17473 | NQ12: 76013 | NR12: 17417 | NS12: 28228 | NT12: 10015 | NU12: 13262 | NV12: 16206 | NW12: 22959 | NX12: 54406 | NY12: 17759 | NZ12: 34342 | OA12: 15723 | OB12: 19990 | OC12: 18394 | OD12: 25924.01 | OE12: 63523 | OF12: 12803 | OG12: 31471 | OH12: 20489 | OI12: 18213.41 | OJ12: 12645.11 | OK12: 25078.32 | OL12: 51859.47 | OM12: 6852.31 | ON12: 14431.7 | OO12: 15947.63 | OP12: 21694.62 | OQ12: 22282.69 | OR12: 16899.82 | OS12: 54257.47 | OT12: 10556.1 | OU12: 10315.49 | OV12: 13840.95 | OW12: 28086.96 | OX12: 14997.31 | OY12: 26777.41 | OZ12: 60731 | PA12: 16636.26 | PB12: 2960.61 | PC12: 4296.2 | PD12: 1846.41 | PE12: 14480.81 | PF12: 6214 | PG12: 11388.41 | PH12: 8373.4 | PI12: 13590 | PJ12: 4544 | PK12: 5206.91 | PL12: 2277.58 | PM12: 4824.78 | PN12: 21371.62 | PO12: 10868.5 | PP12: 16968.51 | PQ12: 2673 | PR12: 2080 | PS12: 21028.06 | PT12: 8567.7 | PU12: 18820.21 | PV12: 3006 | PW12: 5512.29 | PX12: 14386.58 | PY12: 10866.95 | PZ12: 7154.38 | QA12: 7138.7 | QB12: 26726.49 | QC12: 11384.79 | QD12: 9252.22 | QE12: 10803.12 | QF12: 8135.15 | QG12: 18731.15 | QH12: 42519.32 | QI12: 53746.84 | QJ12: 13150.56 | QK12: 23679.11 | QL12: 15484 | QM12: 34055.47 | QN12: 10154 | QO12: 19622 | QP12: 88521.39 | QQ12: 42646.09 | QR12: 31887 | QS12: 17379.76 | QT12: 15073 | QU12: 19322.15 | QV12: 21295.16 | QW12: 77660.18 | QX12: 25051.58 | QY12: 14488 | QZ12: 27044 | RA12: 29862.17 | RB12: 19720.71 | RC12: 18875 | RD12: 68065 | RE12: 22424.03 | RF12: 19428 | RG12: 16336 | RH12: 24583 | RI12: 10191 | RJ12: 27527 | RK12: 74280 | RL12: 18212.26 | RM12: 19585.09 | RN12: 13281.73 | RO12: 30448 | RP12: 14146 | RQ12: 31526.74 | RR12: 65950.08 | RS12: 32726 | RT12: 16346 | RU12: 18089 | RV12: 30556.89 | RW12: 13052.81 | RX12: 17854.83 | RY12: 78737.6 | RZ12: 22529.82 | SA12: 22847.44 | SB12: 21294.62 | SC12: 26565.17 | SD12: 27370.47 | SE12: 27370.67 | SF12: 90056.26 | SG12: 33244.22
C13: 7 PM - 8 PM | D13: 22979 | E13: 18727 | F13: 14477 | G13: 20238 | H13: 16261 | I13: 20184 | J13: 103357 | K13: 22979 | L13: 18727 | M13: 14477 | N13: 20238 | O13: 16261 | P13: 20184 | Q13: 103357 | R13: 22979 | S13: 18727 | T13: 14477 | U13: 20238 | V13: 16261 | W13: 20184 | X13: 103357 | Y13: 22979 | Z13: 18727 | AA13: 14477 | AB13: 20238 | AC13: 16261 | AD13: 20184 | AE13: 103357 | AF13: 22979 | AG13: 18727 | AH13: 14477 | AI13: 20238 | AJ13: 16261 | AK13: 20184 | AL13: 103357 | AM13: 22979 | AN13: 18727 | AO13: 14477 | AP13: 20238 | AQ13: 16261 | AR13: 20184 | AS13: 103357 | AT13: 22979 | AU13: 18727 | AV13: 14477 | AW13: 20238 | AX13: 16261 | AY13: 20184 | AZ13: 103357 | BA13: 22979 | BB13: 18727 | BC13: 14477 | BD13: 20238 | BE13: 16261 | BF13: 20184 | BG13: 103357 | BH13: 22979 | BI13: 18727 | BJ13: 14477 | BK13: 20238 | BL13: 16261 | BM13: 20184 | BN13: 103357 | BO13: 22979 | BP13: 18727 | BQ13: 14477 | BR13: 20238 | BS13: 16261 | BT13: 20184 | BU13: 103357 | BV13: 22979 | BW13: 18727 | BX13: 14477 | BY13: 20238 | BZ13: 16261 | CA13: 20184 | CB13: 103357 | CC13: 22979 | CD13: 18727 | CE13: 14477 | CF13: 20238 | CG13: 16261 | CH13: 20184 | CI13: 103357 | CJ13: 22979 | CK13: 18727 | CL13: 14477 | CM13: 20238 | CN13: 16261 | CO13: 20184 | CP13: 103357 | CQ13: 22979 | CR13: 18727 | CS13: 14477 | CT13: 20238 | CU13: 16261 | CV13: 20184 | CW13: 103357 | CX13: 22979 | CY13: 18727 | CZ13: 14477 | DA13: 20238 | DB13: 14477 | DC13: 19891 | DD13: 46357 | DE13: 16448 | DF13: 15267 | DG13: 15210 | DH13: 16926 | DI13: 18908 | DJ13: 12686 | DK13: 70412 | DL13: 9683 | DM13: 19383 | DN13: 12375 | DO13: 12407 | DP13: 9549 | DQ13: 12521 | DR13: 63387 | DS13: 8829 | DT13: 16926 | DU13: 21813 | DV13: 17180 | DW13: 15910 | DX13: 17290 | DY13: 50430 | DZ13: 16200 | EA13: 20462 | EB13: 20461 | EC13: 16525 | ED13: 19706 | EE13: 15715 | EF13: 58612 | EG13: 15408 | EH13: 29807 | EI13: 10704 | EJ13: 29988 | EK13: 12697 | EL13: 21407 | EM13: 55090 | EN13: 13708 | EO13: 20864 | EP13: 13164 | EQ13: 25258 | ER13: 21793 | ES13: 17941 | ET13: 63969.09 | EU13: 10482.07 | EV13: 10365.45 | EW13: 14720.11 | EX13: 14817 | EY13: 19367 | EZ13: 21277 | FA13: 60433 | FB13: 27453 | FC13: 13598.8 | FD13: 23136 | FE13: 6759 | FF13: 17748 | FG13: 18003 | FH13: 34627 | FI13: 10164 | FJ13: 21568 | FK13: 11492 | FL13: 25044 | FM13: 18257 | FN13: 21617 | FO13: 77989 | FP13: 11466 | FQ13: 23754 | FR13: 26164 | FS13: 16729 | FT13: 18744 | FU13: 21971 | FV13: 63801 | FW13: 16618 | FX13: 36191 | FY13: 21970 | FZ13: 19751 | GA13: 14525 | GB13: 35154 | GC13: 74999 | GD13: 15389 | GE13: 21221 | GF13: 15208 | GG13: 23787 | GH13: 14676 | GI13: 21781 | GJ13: 72131 | GK13: 29219 | GL13: 27760.83 | GM13: 26045 | GN13: 22301 | GO13: 9279 | GP13: 30345 | GQ13: 48303 | GR13: 12221 | GS13: 21776.92 | GT13: 14632 | GU13: 28141 | GV13: 24177 | GW13: 23314 | GX13: 81191 | GY13: 24375 | GZ13: 20347 | HA13: 14477 | HB13: 20238 | HC13: 32724 | HD13: 20031 | HE13: 92360 | HF13: 24053 | HG13: 27820 | HH13: 25771 | HI13: 28792 | HJ13: 15831 | HK13: 23282 | HL13: 56716 | HM13: 20885 | HN13: 26017 | HO13: 15521 | HP13: 18385 | HQ13: 11035 | HR13: 20974 | HS13: 69385 | HT13: 29590 | HU13: 23109 | HV13: 28801 | HW13: 32550 | HX13: 21549 | HY13: 26575 | HZ13: 91536 | IA13: 16339 | IB13: 26102 | IC13: 13857 | ID13: 25845 | IE13: 13538 | IF13: 20454 | IG13: 102767 | IH13: 19819 | II13: 17923 | IJ13: 25709 | IK13: 24160 | IL13: 38754 | IM13: 29918 | IN13: 98656 | IO13: 22489 | IP13: 24246 | IQ13: 24850 | IR13: 30483 | IS13: 16261 | IT13: 18727 | IU13: 42259 | IV13: 12446 | IW13: 15915 | IX13: 42521 | IY13: 30241 | IZ13: 18716 | JA13: 17865 | JB13: 92329 | JC13: 18237 | JD13: 25886 | JE13: 41074 | JF13: 22692 | JG13: 9002.41 | JH13: 29305 | JI13: 112163 | JJ13: 21699 | JK13: 30996 | JL13: 15649 | JM13: 17336 | JN13: 15186.23 | JO13: 27199 | JP13: 98208 | JQ13: 12731 | JR13: 25000 | JS13: 25477 | JT13: 21355 | JU13: 17153 | JV13: 27141 | JW13: 103357 | JX13: 22979 | JY13: 18727 | JZ13: 23347 | KA13: 27853 | KB13: 23788 | KC13: 21192 | KD13: 81649 | KE13: 21654 | KF13: 23287 | KG13: 19269 | KH13: 22203 | KI13: 12872 | KJ13: 26230 | KK13: 70439 | KL13: 21968 | KM13: 17603 | KN13: 17268 | KO13: 17852 | KP13: 13611 | KQ13: 17889 | KR13: 81359 | KS13: 26555 | KT13: 22574 | KU13: 28393 | KV13: 20843 | KW13: 30861.03 | KX13: 26762 | KY13: 56944 | KZ13: 14162 | LA13: 31900 | LB13: 25490.29 | LC13: 20214 | LD13: 18478 | LE13: 24944 | LF13: 65273 | LG13: 5805 | LH13: 12942 | LI13: 20679.67 | LJ13: 20149 | LK13: 10386.44 | LL13: 26896.91 | LM13: 69465.11 | LN13: 16218.78 | LO13: 16928.92 | LP13: 8464.61 | LQ13: 2377368 | LR13: 13000 | LS13: 19597 | LT13: 88673.26 | LU13: 22979 | LV13: 18727 | LW13: 14477 | LX13: 20238 | LY13: 16692 | LZ13: 24059 | MA13: 72282 | MB13: 11332 | MC13: 22911 | MD13: 20465 | ME13: 21203 | MF13: 17307 | MG13: 18373 | MH13: 62353 | MI13: 27043 | MJ13: 25644 | MK13: 15292 | ML13: 26861 | MM13: 19504 | MN13: 21485 | MO13: 47909 | MP13: 22979 | MQ13: 18727 | MR13: 14477 | MS13: 20238 | MT13: 16261 | MU13: 25705 | MV13: 69874 | MW13: 25097 | MX13: 18960 | MY13: 12671 | MZ13: 16457 | NA13: 13030 | NB13: 25472 | NC13: 72980 | ND13: 17457 | NE13: 27833 | NF13: 20328 | NG13: 25531 | NH13: 13415 | NI13: 30148 | NJ13: 64141 | NK13: 16375 | NL13: 15596 | NM13: 13298 | NN13: 20450 | NO13: 20608 | NP13: 28729 | NQ13: 93198 | NR13: 10442 | NS13: 19835 | NT13: 25112 | NU13: 19505 | NV13: 18628 | NW13: 18992 | NX13: 50456 | NY13: 19014 | NZ13: 27755 | OA13: 10655 | OB13: 28353 | OC13: 19755 | OD13: 25299.56 | OE13: 62916 | OF13: 18857 | OG13: 17543 | OH13: 14548 | OI13: 21389.18 | OJ13: 15771.27 | OK13: 22195.48 | OL13: 41833.58 | OM13: 18210.83 | ON13: 14387.29 | OO13: 19136.57 | OP13: 28041.4 | OQ13: 14102.59 | OR13: 24375.25 | OS13: 57476.42 | OT13: 8930.76 | OU13: 5246.14 | OV13: 7197.91 | OW13: 25153.61 | OX13: 27752.13 | OY13: 25687.75 | OZ13: 73294.19 | PA13: 23349.63 | PB13: 17325.43 | PC13: 10486.16 | PD13: 4810.4 | PE13: 5327.19 | PF13: 9097 | PG13: 12292.83 | PH13: 3825.44 | PI13: 6165 | PJ13: 12156 | PK13: 6725.19 | PL13: 2849.95 | PM13: 2350.31 | PN13: 34535.21 | PO13: 6246.31 | PP13: 15696.22 | PQ13: 3549 | PR13: 5423 | PS13: 2321.73 | PT13: 7623.56 | PU13: 14960.87 | PV13: 8292 | PW13: 9175.94 | PX13: 13260.52 | PY13: 7158.79 | PZ13: 1565.2 | QA13: 12828.58 | QB13: 8021.39 | QC13: 7590.14 | QD13: 19292.98 | QE13: 10637.66 | QF13: 25102.59 | QG13: 20947.76 | QH13: 28143.29 | QI13: 59666.53 | QJ13: 17724.55 | QK13: 254108.28 | QL13: 33854 | QM13: 27572.74 | QN13: 12911 | QO13: 25074 | QP13: 69335.18 | QQ13: 26919.05 | QR13: 16811.62 | QS13: 22965.91 | QT13: 26015 | QU13: 14778.26 | QV13: 22464.74 | QW13: 72790.68 | QX13: 22539.01 | QY13: 23257 | QZ13: 21108 | RA13: 40709.15 | RB13: 21993.79 | RC13: 22144 | RD13: 54316 | RE13: 22994.54 | RF13: 13088 | RG13: 21909 | RH13: 23559 | RI13: 14155 | RJ13: 8733 | RK13: 65248 | RL13: 25787 | RM13: 28568.72 | RN13: 22457.85 | RO13: 16017 | RP13: 21081 | RQ13: 2111.27 | RR13: 41142.04 | RS13: 22619 | RT13: 31960 | RU13: 8771 | RV13: 26186.13 | RW13: 16943.28 | RX13: 16991.44 | RY13: 69264.69 | RZ13: 26131.86 | SA13: 29062.2 | SB13: 34835.41 | SC13: 23537.85 | SD13: 27630.67 | SE13: 17485.19 | SF13: 55028.57 | SG13: 25032.73
C14: 8 PM - 9 PM | D14: 13206 | E14: 33472 | F14: 8166 | G14: 12588 | H14: 21281 | I14: 30047 | J14: 64273 | K14: 13206 | L14: 33472 | M14: 8166 | N14: 12588 | O14: 21281 | P14: 30047 | Q14: 64273 | R14: 13206 | S14: 33472 | T14: 8166 | U14: 12588 | V14: 21281 | W14: 30047 | X14: 64273 | Y14: 13206 | Z14: 33472 | AA14: 8166 | AB14: 12588 | AC14: 21281 | AD14: 30047 | AE14: 64273 | AF14: 13206 | AG14: 33472 | AH14: 8166 | AI14: 12588 | AJ14: 21281 | AK14: 30047 | AL14: 64273 | AM14: 13206 | AN14: 33472 | AO14: 8166 | AP14: 12588 | AQ14: 21281 | AR14: 30047 | AS14: 64273 | AT14: 13206 | AU14: 33472 | AV14: 8166 | AW14: 12588 | AX14: 21281 | AY14: 30047 | AZ14: 64273 | BA14: 13206 | BB14: 33472 | BC14: 8166 | BD14: 12588 | BE14: 21281 | BF14: 30047 | BG14: 64273 | BH14: 13206 | BI14: 33472 | BJ14: 8166 | BK14: 12588 | BL14: 21281 | BM14: 30047 | BN14: 64273 | BO14: 13206 | BP14: 33472 | BQ14: 8166 | BR14: 12588 | BS14: 21281 | BT14: 30047 | BU14: 64273 | BV14: 13206 | BW14: 33472 | BX14: 8166 | BY14: 12588 | BZ14: 21281 | CA14: 30047 | CB14: 64273 | CC14: 13206 | CD14: 33472 | CE14: 8166 | CF14: 12588 | CG14: 21281 | CH14: 30047 | CI14: 64273 | CJ14: 13206 | CK14: 33472 | CL14: 8166 | CM14: 12588 | CN14: 21281 | CO14: 30047 | CP14: 64273 | CQ14: 13206 | CR14: 33472 | CS14: 8166 | CT14: 12588 | CU14: 21281 | CV14: 30047 | CW14: 64273 | CX14: 13206 | CY14: 33472 | CZ14: 8166 | DA14: 12588 | DB14: 8166 | DC14: 22211 | DD14: 34093 | DE14: 19202 | DF14: 5359 | DG14: 19275 | DH14: 9998 | DI14: 7994 | DJ14: 10991 | DK14: 66400 | DL14: 22597 | DM14: 18491 | DN14: 13686 | DO14: 14015 | DP14: 11811 | DQ14: 12748 | DR14: 57200 | DS14: 18454 | DT14: 12404 | DU14: 5746 | DV14: 11967 | DW14: 13587 | DX14: 7780 | DY14: 41905 | DZ14: 15796 | EA14: 23133 | EB14: 23132 | EC14: 13668 | ED14: 15844 | EE14: 17700 | EF14: 48989 | EG14: 20687 | EH14: 14019 | EI14: 15746 | EJ14: 20473 | EK14: 19938 | EL14: 23417 | EM14: 40222 | EN14: 26345 | EO14: 16530 | EP14: 18126 | EQ14: 18691 | ER14: 22936 | ES14: 16733 | ET14: 65562.1 | EU14: 21714.36 | EV14: 11424.95 | EW14: 11992.56 | EX14: 17063 | EY14: 22251 | EZ14: 16192 | FA14: 57656 | FB14: 16349 | FC14: 10733.95 | FD14: 17432 | FE14: 6589 | FF14: 11140 | FG14: 21346 | FH14: 34232 | FI14: 7261 | FJ14: 22587 | FK14: 12803 | FL14: 20010 | FM14: 29659 | FN14: 10444 | FO14: 75841 | FP14: 19121 | FQ14: 26102 | FR14: 21592 | FS14: 25625 | FT14: 20805 | FU14: 16810 | FV14: 60418 | FW14: 14314 | FX14: 27142 | FY14: 19178 | FZ14: 22045 | GA14: 19638 | GB14: 31444 | GC14: 54731 | GD14: 23956 | GE14: 24576 | GF14: 32873 | GG14: 24242 | GH14: 28796 | GI14: 24846 | GJ14: 63353 | GK14: 27069 | GL14: 21515.87 | GM14: 28588 | GN14: 23925 | GO14: 31010 | GP14: 25501 | GQ14: 46802 | GR14: 34632 | GS14: 19365.46 | GT14: 29199 | GU14: 26833 | GV14: 16649 | GW14: 27486 | GX14: 69219 | GY14: 12776 | GZ14: 18987 | HA14: 8166 | HB14: 12588 | HC14: 20328 | HD14: 27321 | HE14: 79052 | HF14: 11481 | HG14: 17739 | HH14: 24501 | HI14: 34429 | HJ14: 19100 | HK14: 31887 | HL14: 54986 | HM14: 27937 | HN14: 14836 | HO14: 15820 | HP14: 27304 | HQ14: 31249 | HR14: 24575 | HS14: 80755 | HT14: 16748 | HU14: 31234 | HV14: 25451 | HW14: 25335 | HX14: 18843 | HY14: 25632 | HZ14: 78814 | IA14: 16575 | IB14: 19952 | IC14: 39656 | ID14: 17257 | IE14: 27106 | IF14: 34253 | IG14: 93668 | IH14: 20508 | II14: 17070 | IJ14: 23576 | IK14: 33814 | IL14: 15755 | IM14: 18842 | IN14: 74264 | IO14: 26792 | IP14: 30558 | IQ14: 28465 | IR14: 26960 | IS14: 21281 | IT14: 33472 | IU14: 66966 | IV14: 10669 | IW14: 17155 | IX14: 18271 | IY14: 26355 | IZ14: 27821 | JA14: 47224 | JB14: 67280 | JC14: 25810 | JD14: 23046 | JE14: 13013 | JF14: 19349 | JG14: 16918.74 | JH14: 16470 | JI14: 70325 | JJ14: 12596 | JK14: 20769 | JL14: 21136 | JM14: 35197 | JN14: 28482.16 | JO14: 16781 | JP14: 45585 | JQ14: 18285 | JR14: 10759 | JS14: 4433 | JT14: 17230 | JU14: 24308 | JV14: 21408 | JW14: 64273 | JX14: 13206 | JY14: 33472 | JZ14: 17878 | KA14: 30691 | KB14: 13030 | KC14: 29390 | KD14: 65532 | KE14: 13645 | KF14: 16755 | KG14: 10353 | KH14: 36976 | KI14: 13798 | KJ14: 25732 | KK14: 51066 | KL14: 18838 | KM14: 18590 | KN14: 18536 | KO14: 16619 | KP14: 4795 | KQ14: 15098 | KR14: 55678 | KS14: 4114 | KT14: 11914 | KU14: 580 | KV14: 8739 | KW14: 16278.68 | KX14: 26186 | KY14: 52609 | KZ14: 10765 | LA14: 20750 | LB14: 17164.69 | LC14: 28979 | LD14: 18121 | LE14: 20271 | LF14: 57421 | LG14: 19115 | LH14: 8052 | LI14: 16019.32 | LJ14: 18027.12 | LK14: 11281.74 | LL14: 22869.36 | LM14: 58250.7 | LN14: 27574.75 | LO14: 21366.77 | LP14: 37628.16 | LQ14: 15442.27 | LR14: 6599 | LS14: 16907 | LT14: 61135.74 | LU14: 13206 | LV14: 33472 | LW14: 8166 | LX14: 12588 | LY14: 16384 | LZ14: 11637 | MA14: 64835 | MB14: 16175 | MC14: 16499 | MD14: 337698 | ME14: 22783 | MF14: 22090 | MG14: 23705 | MH14: 47645 | MI14: 26297 | MJ14: 23717 | MK14: 13092 | ML14: 14010 | MM14: 13127 | MN14: 29406 | MO14: 183078 | MP14: 13206 | MQ14: 33472 | MR14: 8166 | MS14: 12588 | MT14: 21281 | MU14: 15814 | MV14: 36561 | MW14: 20987 | MX14: 16326 | MY14: 17997 | MZ14: 29428 | NA14: 24652 | NB14: 16364 | NC14: 57133 | ND14: 16548 | NE14: 14412 | NF14: 20332 | NG14: 25718 | NH14: 18250 | NI14: 20260 | NJ14: 66491 | NK14: 5953 | NL14: 21073 | NM14: 12200 | NN14: 12807 | NO14: 12745 | NP14: 15453 | NQ14: 61354 | NR14: 10308 | NS14: 27138 | NT14: 3082 | NU14: 17718 | NV14: 15627 | NW14: 23622 | NX14: 66710 | NY14: 12244 | NZ14: 27401 | OA14: 28479 | OB14: 30878 | OC14: 19048 | OD14: 29660.66 | OE14: 57830 | OF14: 25766 | OG14: 23792 | OH14: 38343 | OI14: 22090.02 | OJ14: 11259.85 | OK14: 15592.29 | OL14: 42874.69 | OM14: 12752.82 | ON14: 15702.85 | OO14: 15870.58 | OP14: 12851.44 | OQ14: 14622.26 | OR14: 16452.79 | OS14: 35402.73 | OT14: 7189.02 | OU14: 23211.01 | OV14: 11909.97 | OW14: 25501.48 | OX14: 15349.52 | OY14: 29648.62 | OZ14: 55790.97 | PA14: 17162.42 | PB14: 2072.38 | PC14: 447.54 | PD14: 13941.05 | PE14: 749.53 | PF14: 7279 | PG14: 10069.65 | PH14: 12996.9 | PI14: 1861 | PJ14: 3952 | PK14: 5440.41 | PL14: 3224.51 | PM14: 4415.84 | PN14: 23799.76 | PO14: 4634.38 | PP14: 6261.65 | PQ14: 5228 | PR14: 17957 | PS14: 8967 | PT14: 4495.67 | PU14: 36821.41 | PV14: 14163 | PW14: 9583.53 | PX14: 4776.02 | PY14: 13455.09 | PZ14: 4440.7 | QA14: 8265.47 | QB14: 19291.1 | QC14: 2043.64 | QD14: 5964.7 | QE14: 21914.47 | QF14: 9433 | QG14: 19969.36 | QH14: 22224.11 | QI14: 58665.67 | QJ14: 15387.79 | QK14: 30181.65 | QL14: 21777 | QM14: 17886.92 | QN14: 18461 | QO14: 23374 | QP14: 65696.53 | QQ14: 16597.05 | QR14: 20337.15 | QS14: 23176.43 | QT14: 23940 | QU14: 9445.04 | QV14: 18340.26 | QW14: 46807.26 | QX14: 11808.73 | QY14: 36588 | QZ14: 18272 | RA14: 23503.75 | RB14: 19933.51 | RC14: 11195 | RD14: 61250 | RE14: 14788.03 | RF14: 38751 | RG14: 25187 | RH14: 14765 | RI14: 13840 | RJ14: 19754 | RK14: 38528 | RL14: 28200.13 | RM14: 13405.45 | RN14: 24932.75 | RO14: 13034 | RP14: 12030 | RQ14: 8207.87 | RR14: 39206.29 | RS14: 12480 | RT14: 26198 | RU14: 8707 | RV14: 19875.14 | RW14: 10883.37 | RX14: 20002.27 | RY14: 22515.1 | RZ14: 16930.37 | SA14: 6012.2 | SB14: 16870.72 | SC14: 11307.02 | SD14: 17485.19 | SE14: 15933.61 | SF14: 42450.72 | SG14: 24840.81
C15: 9 PM - 10 PM | D15: 25499 | E15: 27156 | F15: 7789 | G15: 6767 | H15: 11819 | I15: 28428 | J15: 46214 | K15: 25499 | L15: 27156 | M15: 7789 | N15: 6767 | O15: 11819 | P15: 28428 | Q15: 46214 | R15: 25499 | S15: 27156 | T15: 7789 | U15: 6767 | V15: 11819 | W15: 28428 | X15: 46214 | Y15: 25499 | Z15: 27156 | AA15: 7789 | AB15: 6767 | AC15: 11819 | AD15: 28428 | AE15: 46214 | AF15: 25499 | AG15: 27156 | AH15: 7789 | AI15: 6767 | AJ15: 11819 | AK15: 28428 | AL15: 46214 | AM15: 25499 | AN15: 27156 | AO15: 7789 | AP15: 6767 | AQ15: 11819 | AR15: 28428 | AS15: 46214 | AT15: 25499 | AU15: 27156 | AV15: 7789 | AW15: 6767 | AX15: 11819 | AY15: 28428 | AZ15: 46214 | BA15: 25499 | BB15: 27156 | BC15: 7789 | BD15: 6767 | BE15: 11819 | BF15: 28428 | BG15: 46214 | BH15: 25499 | BI15: 27156 | BJ15: 7789 | BK15: 6767 | BL15: 11819 | BM15: 28428 | BN15: 46214 | BO15: 25499 | BP15: 27156 | BQ15: 7789 | BR15: 6767 | BS15: 11819 | BT15: 28428 | BU15: 46214 | BV15: 25499 | BW15: 27156 | BX15: 7789 | BY15: 6767 | BZ15: 11819 | CA15: 28428 | CB15: 46214 | CC15: 25499 | CD15: 27156 | CE15: 7789 | CF15: 6767 | CG15: 11819 | CH15: 28428 | CI15: 46214 | CJ15: 25499 | CK15: 27156 | CL15: 7789 | CM15: 6767 | CN15: 11819 | CO15: 28428 | CP15: 46214 | CQ15: 25499 | CR15: 27156 | CS15: 7789 | CT15: 6767 | CU15: 11819 | CV15: 28428 | CW15: 46214 | CX15: 25499 | CY15: 27156 | CZ15: 7789 | DA15: 6767 | DB15: 7789 | DC15: 4495 | DD15: 36606 | DE15: 11002 | DF15: 9113 | DG15: 2220 | DH15: 11336 | DI15: 7700 | DJ15: 15228 | DK15: 45010 | DL15: 1106 | DM15: 11735 | DN15: 13911 | DO15: 15288 | DP15: 20859 | DQ15: 7918 | DR15: 45448 | DS15: 8489 | DT15: 18851 | DU15: 13605 | DV15: 13344 | DW15: 16933 | DX15: 21586 | DY15: 33138 | DZ15: 14809 | EA15: 12142 | EB15: 12141 | EC15: 16097 | ED15: 13680 | EE15: 7824 | EF15: 34283 | EG15: 2979 | EH15: 22332 | EI15: 11915 | EJ15: 24630 | EK15: 10740 | EL15: 11540 | EM15: 26971 | EN15: 4937 | EO15: 13857 | EP15: 15987 | EQ15: 21741 | ER15: 10082 | ES15: 26023 | ET15: 58598.26 | EU15: 16240.43 | EV15: 7615.85 | EW15: 21274 | EX15: 12448 | EY15: 22419 | EZ15: 28368 | FA15: 30704 | FB15: 21375 | FC15: 4462.42 | FD15: 17952 | FE15: 17941 | FF15: 15273 | FG15: 12695 | FH15: 51439 | FI15: 19197 | FJ15: 4161 | FK15: 20691 | FL15: 22125 | FM15: 7837 | FN15: 5555 | FO15: 52356 | FP15: 4000 | FQ15: 29140 | FR15: 19115 | FS15: 12458 | FT15: 11157 | FU15: 34958 | FV15: 39909 | FW15: 32540 | FX15: 11025 | FY15: 24048 | FZ15: 16244 | GA15: 21237 | GB15: 16710 | GC15: 46377 | GD15: 11786 | GE15: 27036 | GF15: 18873 | GG15: 21583 | GH15: 6731 | GI15: 24086 | GJ15: 38760 | GK15: 7799 | GL15: 26035.68 | GM15: 26236 | GN15: 23631 | GO15: 22466 | GP15: 26980 | GQ15: 25104 | GR15: 11236 | GS15: 36090.21 | GT15: 21175 | GU15: 11651 | GV15: 21621 | GW15: 42760 | GX15: 25962 | GY15: 31211 | GZ15: 20743 | HA15: 7789 | HB15: 6767 | HC15: 12437 | HD15: 24722 | HE15: 72611 | HF15: 26759 | HG15: 9522 | HH15: 28284 | HI15: 17395 | HJ15: 29222 | HK15: 10999 | HL15: 54010 | HM15: 19632 | HN15: 25941 | HO15: 19348 | HP15: 29797 | HQ15: 36747 | HR15: 19132 | HS15: 41153 | HT15: 25394 | HU15: 16685 | HV15: 10003 | HW15: 29680 | HX15: 12866 | HY15: 18345 | HZ15: 71104 | IA15: 32310 | IB15: 22338 | IC15: 39656 | ID15: 34669 | IE15: 14942 | IF15: 22140 | IG15: 59906 | IH15: 33446 | II15: 33687 | IJ15: 13164 | IK15: 13116 | IL15: 12653 | IM15: 9406 | IN15: 67443 | IO15: 9190 | IP15: 12388 | IQ15: 22784 | IR15: 11740 | IS15: 11819 | IT15: 27156 | IU15: 94333 | IV15: 17898 | IW15: 28286 | IX15: 13829 | IY15: 18483 | IZ15: 8418 | JA15: 18525 | JB15: 55117 | JC15: 15060 | JD15: 29930 | JE15: 3898 | JF15: 18191 | JG15: 8473.17 | JH15: 21536 | JI15: 53440 | JJ15: 12490 | JK15: 16468 | JL15: 24525 | JM15: 28143 | JN15: 17593.34 | JO15: 23682 | JP15: 31253 | JQ15: 12196 | JR15: 3563 | JS15: 1747 | JT15: 21159 | JU15: 10954 | JV15: 31699 | JW15: 46214 | JX15: 25499 | JY15: 27156 | JZ15: 5964 | KA15: 21148 | KB15: 24623 | KC15: 18580 | KD15: 44841 | KE15: 27559 | KF15: 19658 | KG15: 15444 | KH15: 13190 | KI15: 13331 | KJ15: 19193 | KK15: 47296 | KL15: 11021 | KM15: 13548 | KN15: 19068 | KO15: 17814 | KP15: 14955 | KQ15: 13879 | KR15: 40625 | KS15: 12394 | KT15: 24911 | KU15: 1302 | KV15: 16176 | KW15: 25982.68 | KX15: 8114 | KY15: 52135 | KZ15: 14712 | LA15: 18381 | LB15: 12390.92 | LC15: 17469 | LD15: 16026 | LE15: 17958 | LF15: 46969 | LG15: 1598 | LH15: 21162 | LI15: 10564.35 | LJ15: 26555.78 | LK15: 3654.9 | LL15: 13688.05 | LM15: 50960.2 | LN15: 25070.67 | LO15: 13878.43 | LP15: 5839.48 | LQ15: 14476.97 | LR15: 25978 | LS15: 6485 | LT15: 45168.31 | LU15: 25499 | LV15: 27156 | LW15: 7789 | LX15: 6767 | LY15: 12728 | LZ15: 2158 | MA15: 52872 | MB15: 17175 | MC15: 26733 | MD15: 6670 | ME15: 16680 | MF15: 8038 | MG15: 14907 | MH15: 42278 | MI15: 15055 | MJ15: 12255 | MK15: 14492 | ML15: 14177 | MM15: 30403 | MN15: 7930 | MO15: 30397 | MP15: 25499 | MQ15: 27156 | MR15: 7789 | MS15: 6767 | MT15: 11819 | MU15: 32968 | MV15: 51035 | MW15: 21375 | MX15: 4294 | MY15: 33555 | MZ15: 11590 | NA15: 17914 | NB15: 9177 | NC15: 54747 | ND15: 13123 | NE15: 24909 | NF15: 7887 | NG15: 13428 | NH15: 19564 | NI15: 10453 | NJ15: 45397 | NK15: 11636 | NL15: 4235 | NM15: 13623 | NN15: 15025 | NO15: 6420 | NP15: 28056 | NQ15: 79044 | NR15: 5329 | NS15: 17756 | NT15: 22632 | NU15: 11587 | NV15: 17728 | NW15: 9144 | NX15: 15842 | NY15: 9354 | NZ15: 13477 | OA15: 18702 | OB15: 12861 | OC15: 7372 | OD15: 6641.91 | OE15: 67532 | OF15: 26321 | OG15: 15834 | OH15: 8410 | OI15: 5669.02 | OJ15: 15311.068 | OK15: 8573.94 | OL15: 23281.15 | OM15: 13615.95 | ON15: 16700.6 | OO15: 20462.78 | OP15: 16749.62 | OQ15: 20199 | OR15: 26304.62 | OS15: 42728.52 | OT15: 13912.2 | OU15: 1493.33 | OV15: 5301.14 | OW15: 8027.29 | OX15: 31328.46 | OY15: 11601.55 | OZ15: 37530.91 | PA15: 2809.87 | PB15: 2834.29 | PC15: 2194.47 | PD15: 1160 | PE15: 4917.05 | PF15: 3363 | PG15: 27542.61 | PH15: 5063.3 | PI15: 13044 | PJ15: 4038 | PK15: 17424.78 | PL15: 11034.92 | PM15: 24961.38 | PN15: 10886.25 | PO15: 0 | PP15: 2956.18 | PQ15: 16389 | PR15: 8296 | PS15: 8335.59 | PT15: 8034.88 | PU15: 15005.3 | PV15: 12127 | PW15: 6923.56 | PX15: 6168.22 | PY15: 26978.89 | PZ15: 29179.04 | QA15: 3677.06 | QB15: 26486.7 | QC15: 5620.34 | QD15: 1506.15 | QE15: 1855.94 | QF15: 15122.43 | QG15: 17517.23 | QH15: 9482.18 | QI15: 42202.47 | QJ15: 32308.34 | QK15: 26669.07 | QL15: 15490 | QM15: 29402 | QN15: 32753 | QO15: 26363 | QP15: 31189.31 | QQ15: 25195.9 | QR15: 7929.34 | QS15: 9058.17 | QT15: 12342 | QU15: 23109.3 | QV15: 19458.23 | QW15: 14909.97 | QX15: 32762.07 | QY15: 21267 | QZ15: 13874 | RA15: 13705.99 | RB15: 19536.64 | RC15: 20065 | RD15: 39084 | RE15: 10967.18 | RF15: 12576 | RG15: 31857 | RH15: 14925 | RI15: 11942 | RJ15: 3966 | RK15: 16196 | RL15: 6788.15 | RM15: 23497.92 | RN15: 9144.17 | RO15: 10081 | RP15: 8402 | RQ15: 42511.67 | RR15: 6104.08 | RS15: 13982 | RT15: 10090 | RU15: 33153 | RV15: 7696.61 | RW15: 20156.94 | RX15: 18600.89 | RY15: 24942.92 | RZ15: 13777.07 | SA15: 5821.57 | SB15: 30758.17 | SC15: 10503.14 | SD15: 15933.61 | SE15: 4791.52 | SF15: 29662.46 | SG15: 24709.54
C16: 10 PM - 11 PM | D16: 3671 | E16: 9718 | F16: 1902 | G16: 6524 | H16: 21535 | I16: 9839 | J16: =23844+267 -> 24111 | K16: 3671 | L16: 9718 | M16: 1902 | N16: 6524 | O16: 21535 | P16: 9839 | Q16: =23844+267 -> 24111 | R16: 3671 | S16: 9718 | T16: 1902 | U16: 6524 | V16: 21535 | W16: 9839 | X16: =23844+267 -> 24111 | Y16: 3671 | Z16: 9718 | AA16: 1902 | AB16: 6524 | AC16: 21535 | AD16: 9839 | AE16: =23844+267 -> 24111 | AF16: 3671 | AG16: 9718 | AH16: 1902 | AI16: 6524 | AJ16: 21535 | AK16: 9839 | AL16: =23844+267 -> 24111 | AM16: 3671 | AN16: 9718 | AO16: 1902 | AP16: 6524 | AQ16: 21535 | AR16: 9839 | AS16: =23844+267 -> 24111 | AT16: 3671 | AU16: 9718 | AV16: 1902 | AW16: 6524 | AX16: 21535 | AY16: 9839 | AZ16: =23844+267 -> 24111 | BA16: 3671 | BB16: 9718 | BC16: 1902 | BD16: 6524 | BE16: 21535 | BF16: 9839 | BG16: =23844+267 -> 24111 | BH16: 3671 | BI16: 9718 | BJ16: 1902 | BK16: 6524 | BL16: 21535 | BM16: 9839 | BN16: =23844+267 -> 24111 | BO16: 3671 | BP16: 9718 | BQ16: 1902 | BR16: 6524 | BS16: 21535 | BT16: 9839 | BU16: =23844+267 -> 24111 | BV16: 3671 | BW16: 9718 | BX16: 1902 | BY16: 6524 | BZ16: 21535 | CA16: 9839 | CB16: =23844+267 -> 24111 | CC16: 3671 | CD16: 9718 | CE16: 1902 | CF16: 6524 | CG16: 21535 | CH16: 9839 | CI16: =23844+267 -> 24111 | CJ16: 3671 | CK16: 9718 | CL16: 1902 | CM16: 6524 | CN16: 21535 | CO16: 9839 | CP16: =23844+267 -> 24111 | CQ16: 3671 | CR16: 9718 | CS16: 1902 | CT16: 6524 | CU16: 21535 | CV16: 9839 | CW16: =23844+267 -> 24111 | CX16: 3671 | CY16: 9718 | CZ16: 1902 | DA16: 6524 | DB16: 1902 | DC16: 114 | DD16: =14081+1083 -> 15164 | DE16: 10163 | DF16: 12829 | DG16: 2154 | DH16: 12929 | DI16: 17112 | DJ16: 2741 | DK16: 21533 | DL16: 22826 | DM16: 7335 | DO16: 2597 | DP16: 7347 | DQ16: 12985 | DR16: 16137 | DS16: 23281 | DT16: 4547 | DU16: 15183 | DV16: 23430 | DW16: 1140 | DX16: 21586 | DY16: 8653 | DZ16: 14598 | EA16: 22521 | EB16: 22520 | EC16: 4623 | ED16: 1946 | EE16: 21089 | EF16: 17385 | EG16: 6556 | EH16: 12824 | EI16: 5969 | EJ16: 8443 | EK16: 32945 | EL16: 3902 | EM16: 16951 | EN16: 5605 | EO16: 19542 | EP16: 12489 | EQ16: 10905 | ER16: 4261 | ES16: 4896 | ET16: 31571.63 | EU16: 22470.49 | EV16: 94.29 | EW16: 11439.16 | EX16: 265 | EY16: 4520 | EZ16: 10242 | FA16: 28921 | FB16: 22591 | FC16: 4761.05 | FD16: 5184 | FE16: 2983 | FF16: 10125 | FG16: 3033 | FH16: 15719 | FI16: 11330 | FJ16: 2178 | FK16: 4426 | FL16: 2983 | FM16: 10404 | FN16: 0 | FO16: 37705 | FP16: 979 | FQ16: 12474 | FR16: 7278 | FS16: 4461 | FT16: 15437 | FU16: 2188 | FV16: 32871 | FW16: 3293 | FX16: 6463 | FY16: 7003 | FZ16: 34012 | GA16: 4500 | GB16: 5334 | GC16: 45562 | GD16: 18825 | GE16: 8305 | GF16: 3790 | GG16: 16794 | GH16: 6881 | GI16: 7521 | GJ16: 8604 | GK16: 3767 | GL16: 4029.96 | GM16: 11129 | GN16: 7234 | GO16: 7078 | GP16: 4547 | GQ16: 39629 | GR16: 8033 | GS16: 10396.99 | GT16: 9858 | GU16: 598 | GV16: 10118 | GW16: 5261 | GX16: 39765 | GY16: 4247 | GZ16: 24011 | HA16: 1902 | HB16: 6524 | HC16: 12160 | HD16: 6692 | HE16: 45309 | HF16: 6657 | HG16: 32473 | HH16: 10823 | HI16: 7670 | HJ16: 14254 | HK16: 1383 | HL16: 8237 | HM16: 4324 | HN16: 1323 | HO16: 16064 | HP16: 5154 | HQ16: 9314 | HR16: 4424 | HS16: 37223 | HT16: 2707 | HU16: 6262 | HV16: 33299 | HW16: 1734 | HX16: 2556 | HY16: 10651 | HZ16: 38694 | IA16: 8477 | IB16: 4096 | IC16: 21784 | ID16: 7352 | IE16: 15542 | IF16: 19205 | IG16: 36081 | IH16: 9513 | II16: 26191 | IJ16: 5038 | IK16: 10527 | IL16: 23140 | IM16: 7073 | IN16: 23389 | IO16: 9201 | IP16: 2391 | IQ16: 10450 | IR16: 9708 | IS16: 21535 | IT16: 9718 | IU16: 96891 | IV16: 32349 | IW16: 18807 | IX16: 22776 | IY16: 2385 | IZ16: 5422 | JA16: 7526 | JB16: 10728 | JC16: 3968 | JD16: 4772 | JE16: 1686 | JF16: 10308 | JG16: 23445.93 | JH16: 23500 | JI16: 41536 | JJ16: 4619 | JK16: 25844 | JL16: 10013 | JM16: 11320 | JN16: 2759.74 | JO16: 28422 | JP16: 41467 | JQ16: 6430 | JR16: 2410 | JS16: 21665 | JT16: 6242 | JU16: 4078 | JV16: 7797 | JW16: =23844+267 -> 24111 | JX16: 3671 | JY16: 9718 | JZ16: 11060 | KA16: 12172 | KB16: 7869 | KC16: 18851 | KD16: 14483 | KE16: 171 | KF16: 12490 | KG16: 5714 | KH16: 665 | KI16: 8381 | KJ16: 11784 | KK16: 23921 | KL16: 10962 | KM16: 22538 | KN16: 9672 | KO16: 17560 | KP16: 1848 | KQ16: 21226 | KR16: 45621 | KS16: 2338 | KT16: 20493 | KV16: 65 | KW16: 8029.18 | KX16: 6889 | KY16: 36576 | KZ16: 2208 | LA16: 3246 | LB16: 14479.99 | LC16: 8844 | LD16: 4524 | LE16: 3975 | LF16: 408005 | LG16: 21200 | LH16: 17757 | LI16: 22772.71 | LJ16: 5161.91 | LK16: 19962.16 | LL16: 7208.04 | LM16: 33973.44 | LN16: 5939.74 | LO16: 20828.57 | LP16: 3158.88 | LQ16: 13695.68 | LR16: 3893 | LS16: 19427 | LU16: 3671 | LV16: 9718 | LW16: 1902 | LX16: 6524 | LY16: 8772 | LZ16: 28140 | MA16: 37864 | MB16: 21818 | MC16: 629 | MD16: 1654 | ME16: 11968 | MF16: 438 | MG16: 5719 | MH16: 22246 | MI16: 21679 | MJ16: 8045 | MK16: 24670 | ML16: 15725 | MN16: 687 | MO16: 39449 | MP16: 3671 | MQ16: 9718 | MR16: 1902 | MS16: 6524 | MT16: 21535 | MU16: 7269 | MV16: 40290 | MW16: 1767 | MX16: 8962 | MY16: 5059 | MZ16: 7282 | NA16: 9626 | NB16: 23310 | NC16: 36679 | ND16: 40274 | NE16: 0 | NF16: 4118 | NG16: 16432 | NH16: 2684 | NI16: 25676 | NJ16: 43388 | NK16: 22747 | NL16: 3137 | NM16: 25436 | NN16: 26057 | NO16: 18220 | NP16: 6766 | NQ16: 59699 | NR16: 19345 | NS16: 4823 | NT16: 8039 | NU16: 10316 | NV16: 768 | NW16: 5566 | NX16: 69110 | NY16: 24698 | NZ16: 2814 | OA16: 7251 | OB16: 6233 | OC16: 4689 | OD16: 4583.29 | OE16: 24038 | OF16: 2047 | OG16: 12504 | OH16: 2666 | OJ16: 17454.63 | OK16: 19350.4 | OL16: 9866.42 | OM16: 36749.22 | ON16: 10050.48 | OO16: 895.93 | OP16: 17920.1 | OQ16: 11458.19 | OR16: 2234.98 | OS16: 10909.63 | OT16: 0 | OU16: 0 | OV16: 30929.17 | OW16: 20097.07 | OX16: 284.85 | OY16: 3094.73 | OZ16: 18409.47 | PA16: 6210.66 | PB16: 5753.68 | PC16: 2057.76 | PD16: 4726.67 | PE16: 2081.91 | PG16: 6796.73 | PH16: 3616.28 | PI16: 391 | PJ16: 1292 | PK16: 4146.58 | PL16: 5748.32 | PM16: 4078.7 | PN16: 10641.92 | PO16: 0 | PP16: 694.29 | PQ16: 1436 | PR16: 18141 | PS16: 7022.78 | PT16: 4654.64 | PU16: 8079.3 | PV16: 7310 | PW16: 6973.59 | PX16: 9977.22 | PY16: 3501.72 | PZ16: 5116.88 | QA16: 5635.34 | QB16: 8932.82 | QC16: 30292.83 | QD16: 1618.02 | QE16: 7913.86 | QF16: 6898.78 | QG16: 12618.7 | QH16: 31374.98 | QI16: 28728.28 | QJ16: 8582.18 | QK16: 41515.41 | QL16: =13279+12870 -> 26149 | QM16: 8706 | QN16: 1731 | QO16: 4151 | QP16: 16667.98 | QQ16: 15299.64 | QR16: 3339.66 | QS16: 16158.81 | QT16: 10424 | QU16: 5314.45 | QV16: 4835.32 | QW16: 15793.96 | QX16: 8310.13 | QY16: 6666 | QZ16: 31434 | RA16: 31305.67 | RB16: 2367.28 | RC16: 23541 | RD16: 12572 | RE16: 23274.99 | RF16: 9959 | RG16: 6682 | RH16: 23154 | RI16: 21989 | RJ16: 4982 | RK16: 14852 | RL16: 27636.13 | RM16: 19477.32 | RN16: 21602.45 | RO16: 22110 | RP16: 5798 | RQ16: 1936.19 | RR16: 15300.98 | RS16: 14474 | RT16: 30922 | RV16: 26487.79 | RW16: 11474.97 | RX16: 26603.13 | RY16: 26429.18 | RZ16: 7855.67 | SA16: 28083.31 | SB16: 2005.98 | SC16: 14072.86 | SD16: 4791.52 | SE16: 0 | SF16: 15875.1 | SG16: 12089.98
C17: 11 PM - 12 AM | D17: 0 | E17: =7322+475 -> 7797 | F17: 0 | G17: 1894 | H17: 0 | I17: =2116+1084 -> 3200 | J17: 0 | K17: 0 | L17: =7322+475 -> 7797 | M17: 0 | N17: 1894 | O17: 0 | P17: =2116+1084 -> 3200 | Q17: 0 | R17: 0 | S17: =7322+475 -> 7797 | T17: 0 | U17: 1894 | V17: 0 | W17: =2116+1084 -> 3200 | X17: 0 | Y17: 0 | Z17: =7322+475 -> 7797 | AA17: 0 | AB17: 1894 | AC17: 0 | AD17: =2116+1084 -> 3200 | AE17: 0 | AF17: 0 | AG17: =7322+475 -> 7797 | AH17: 0 | AI17: 1894 | AJ17: 0 | AK17: =2116+1084 -> 3200 | AL17: 0 | AM17: 0 | AN17: =7322+475 -> 7797 | AO17: 0 | AP17: 1894 | AQ17: 0 | AR17: =2116+1084 -> 3200 | AS17: 0 | AT17: 0 | AU17: =7322+475 -> 7797 | AW17: 1894 | AY17: =2116+1084 -> 3200 | BB17: =7322+475 -> 7797 | BD17: 1894 | BF17: =2116+1084 -> 3200 | BI17: =7322+475 -> 7797 | BK17: 1894 | BM17: =2116+1084 -> 3200 | BP17: =7322+475 -> 7797 | BR17: 1894 | BT17: =2116+1084 -> 3200 | BW17: =7322+475 -> 7797 | BY17: 1894 | CA17: =2116+1084 -> 3200 | CD17: =7322+475 -> 7797 | CF17: 1894 | CH17: =2116+1084 -> 3200 | CK17: =7322+475 -> 7797 | CM17: 1894 | CO17: =2116+1084 -> 3200 | CR17: =7322+475 -> 7797 | CT17: 1894 | CV17: =2116+1084 -> 3200 | CY17: =7322+475 -> 7797 | DA17: 1894 | DE17: =2996+863 -> 3859 | DH17: 979 | DI17: =1131+1521 -> 2652 | DK17: =10192+14055 -> 24247 | DM17: =19511+2146 -> 21657 | DO17: 5954 | DQ17: 2706 | DR17: 5003 | DT17: 212 | DU17: 922 | DX17: 167 | DY17: 16660 | EA17: 265 | EB17: 264 | EE17: 185 | EF17: 370 | EG17: 951 | EI17: 76 | EJ17: 1767 | EK17: 3557 | EL17: 832 | EM17: 8961 | EN17: 193 | EP17: 6336 | EQ17: 246 | ET17: 17065.39 | EU17: 5405.89 | EW17: 25504 | EY17: 389 | EZ17: =26858+525 -> 27383 | FA17: 2847 | FB17: 503 | FC17: 0 | FE17: 123 | FF17: 188 | FH17: 15975 | FI17: 170 | FJ17: 181 | FK17: 0 | FL17: 0 | FM17: 301 | FN17: 0 | FO17: =4193+2854 -> 7047 | FP17: 0 | FQ17: 9310 | FR17: 2636 | FS17: 0 | FT17: 0 | FV17: 12783 | FZ17: 4162 | GA17: 332 | GB17: 426 | GC17: 2966 | GD17: 1831 | GE17: 1008 | GG17: 3451 | GJ17: 7496 | GL17: 2214.12 | GM17: 56 | GN17: 265 | GO17: 342 | GP17: 1664 | GQ17: 4056 | GR17: 435 | GS17: 2576.28 | GU17: 313 | GV17: 1885 | GW17: 739 | GX17: 2508 | GY17: 284 | GZ17: 615 | HA17: 0 | HB17: 1894 | HC17: 2053 | HD17: 482 | HE17: 28494 | HF17: 231 | HI17: 721 | HJ17: 5101 | HK17: 7972 | HL17: 5022 | HN17: 6770 | HO17: 818 | HQ17: =2039+681 -> 2720 | HR17: 1252 | HS17: 1425 | HV17: 130 | HW17: 3907 | HZ17: 3107 | IA17: 1065 | IC17: 313 | ID17: 8800 | IE17: 1869 | IF17: 1412 | IG17: 4149 | IH17: 11591 | II17: 5001 | IK17: 1032 | IL17: 5134 | IM17: 4171 | IN17: 3120 | IQ17: 154 | IR17: 399 | IS17: 0 | IT17: =7322+475 -> 7797 | IU17: 88555 | IV17: 15631 | IW17: 30821 | IX17: 76 | JA17: 265 | JB17: 7035 | JC17: 284 | JD17: 190 | JF17: 913 | JG17: 3442.5 | JH17: 2423 | JL17: 180 | JM17: 6648 | JN17: 0 | JO17: 8906 | JP17: 1018 | JT17: 6242 | JV17: 3059 | JX17: 0 | JY17: =7322+475 -> 7797 | KA17: 1577 | KB17: 6347 | KC17: 24738 | KD17: 18801 | KE17: 1522 | KF17: 883 | KI17: 23469 | KJ17: 313 | KK17: 13335 | KL17: 20464 | KM17: 95 | KN17: 95 | KP17: 284 | KR17: 2264 | KS17: 16289 | KW17: 2713.61 | KX17: 3281 | KY17: 6028 | KZ17: 3473 | LA17: 2242 | LD17: 910 | LE17: 2068 | LF17: 1350 | LI17: 819.05 | LJ17: 1426.67 | LK17: 601.9 | LL17: 0 | LM17: 36267.74 | LN17: 152.38 | LO17: 1427.62 | LP17: 0 | LQ17: 10195.78 | LR17: 718 | LS17: 2232 | LU17: 0 | LV17: =7322+475 -> 7797 | LW17: 0 | LX17: 1894 | LZ17: 1469 | MA17: 12559 | MC17: 1021 | ME17: 457 | MF17: 38 | MG17: 1242 | MH17: 17558 | MI17: 1046 | ML17: 951 | MM17: 2663 | MO17: 2916 | MP17: 0 | MQ17: =7322+475 -> 7797 | MR17: 0 | MS17: 1894 | MT17: 0 | MU17: 1329 | MV17: 1869 | MW17: 248 | MY17: 266 | MZ17: 1123 | NA17: 354 | NB17: 0 | NC17: 20831 | ND17: 0 | NE17: 0 | NG17: 95 | NH17: 2934 | NJ17: 7405 | NK17: 47 | NM17: 682 | NO17: 666 | NQ17: 6065 | NR17: 2831 | NT17: 1030 | NU17: 25269 | NV17: 2335 | NW17: 2489 | NX17: 7773 | NY17: 786 | OB17: 2396 | OD17: 2682.25 | OE17: 4410 | OF17: 2714 | OG17: 285 | OJ17: =1540.88+1749.43 -> 3290.31 | OL17: 1078.53 | OM17: =4433.16+589.52 -> 5022.68 | ON17: 587.62 | OP17: =599.83+952.38 -> 1552.21 | OQ17: 3248.74 | OR17: 0 | OS17: =951.43+1902.86 -> 2854.29 | OT17: 0 | OU17: 0 | OV17: 0 | OW17: =5396.2+371.43 -> 5767.63 | OY17: 1538.44 | OZ17: =15103.38+6660 -> 21763.38 | PA17: 0 | PB17: 0 | PE17: 6538.09 | PG17: 6698.1 | PH17: 0 | PK17: 0 | PL17: 0 | PM17: 0 | PN17: 3660.7 | PO17: 0 | PP17: 1542.16 | PS17: 310.39 | PT17: 23193.85 | PU17: 4871.43 | PW17: 0 | PX17: 0 | PY17: 0 | PZ17: 0 | QA17: 0 | QB17: 3860.96 | QC17: 3904.77 | QD17: 0 | QE17: 2646.58 | QF17: 0 | QG17: 809.44 | QH17: 0 | QI17: =21606.08+951.43 -> 22557.51 | QJ17: 0 | QK17: 7625.87 | QN17: 1567 | QO17: 310 | QP17: =26158.55+3805.71 -> 29964.26 | QQ17: 13997.24 | QR17: 22441.59 | QS17: 1009.52 | QU17: 3956.72 | QV17: 0 | QW17: =22907.75+4386.58 -> 27294.33 | QX17: 10345.9 | QY17: 1634 | QZ17: 11693 | RA17: 723.81 | RB17: 1713.34 | RD17: =46644+5138 -> 51782 | RE17: 1142.86 | RF17: =19673+4801 -> 24474 | RG17: 1000 | RH17: 913 | RI17: =1827+4757 -> 6584 | RK17: =36648+13219 -> 49867 | RL17: 952.38 | RM17: 2986.41 | RN17: 25135.14 | RO17: 2279 | RP17: 1266 | RQ17: 0 | RR17: =38515.35+9134.28 -> 47649.63 | RS17: 15545 | RV17: 2168.57 | RW17: 3182.86 | RX17: 1185.46 | RY17: 18225.29 | RZ17: 1805.72 | SA17: 3508.57 | SB17: 390.47 | SC17: 17513 | SD17: 0 | SE17: 0 | SF17: 49083.85 | SG17: 2406.31
C18: Total Sales | D18: =SUM(D5:D17) -> 168812.14 | E18: =SUM(E5:E17) -> 164646 | F18: =SUM(F5:F17) -> 125250 | G18: =SUM(G5:G17) -> 103045 | H18: =SUM(H5:H17) -> 168417 | I18: =SUM(I5:I17) -> 182082 | J18: =SUM(J5:J17) -> 593964 | K18: =SUM(K5:K17) -> 168812.14 | ... ABF18: =SUM(ABF5:ABF17) -> 0

Sheet Usage
D3: =Sales!$D$3 -> 45658 | E3: =D3+1 -> 45659 | F3: =E3+1 -> 45660 | G3: =F3+1 -> 45661 | H3: =G3+1 -> 45662 | I3: =H3+1 -> 45663 | J3: =I3+1 -> 45664 | K3: =J3+1 -> 45665 | L3: =K3+1 -> 45666 | ... ABF3: =ABE3+1 -> 46388
D4: =TEXT(D3,"ddd") -> Wed | E4: =TEXT(E3,"ddd") -> Thu | F4: =TEXT(F3,"ddd") -> Fri | G4: =TEXT(G3,"ddd") -> Sat | H4: =TEXT(H3,"ddd") -> Sun | I4: =TEXT(I3,"ddd") -> Mon | J4: =TEXT(J3,"ddd") -> Tue | K4: =TEXT(K3,"ddd") -> Wed | ... ABF4: =TEXT(ABF3,"ddd") -> Fri
B5: Pcs | C5: Chicken | D5: 466 | E5: 492 | F5: 472 | G5: 363 | H5: 482 | I5: 424 | J5: 4060 | K5: 466 | L5: 492 | M5: 472 | N5: 363 | O5: 482 | P5: 424 | Q5: 4060 | R5: 466 | S5: 492 | T5: 472 | U5: 363 | V5: 482 | W5: 424 | X5: 4060 | Y5: 466 | Z5: 492 | AA5: 472 | AB5: 363 | AC5: 482 | AD5: 424 | AE5: 4060 | AF5: 466 | AG5: 492 | AH5: 472 | AI5: 363 | AJ5: 482 | AK5: 424 | AL5: 4060 | AM5: 466 | AN5: 492 | AO5: 472 | AP5: 363 | AQ5: 482 | AR5: 424 | AS5: 4060 | AT5: 466 | AU5: 492 | AV5: 472 | AW5: 363 | AX5: 482 | AY5: 424 | AZ5: 4060 | BA5: 466 | BB5: 492 | BC5: 472 | BD5: 363 | BE5: 482 | BF5: 424 | BG5: 4060 | BH5: 466 | BI5: 492 | BJ5: 472 | BK5: 363 | BL5: 482 | BM5: 424 | BN5: 4060 | BO5: 466 | BP5: 492 | BQ5: 472 | BR5: 363 | BS5: 482 | BT5: 424 | BU5: 4060 | BV5: 466 | BW5: 492 | BX5: 472 | BY5: 363 | BZ5: 482 | CA5: 424 | CB5: 4060 | CC5: 466 | CD5: 492 | CE5: 472 | CF5: 363 | CG5: 482 | CH5: 424 | CI5: 4060 | CJ5: 466 | CK5: 492 | CL5: 472 | CM5: 363 | CN5: 482 | CO5: 424 | CP5: 4060 | CQ5: 466 | CR5: 492 | CS5: 472 | CT5: 363 | CU5: 482 | CV5: 424 | CW5: 4060 | CX5: 466 | CY5: 492 | CZ5: 472 | DA5: 363 | DB5: 482 | DC5: 213 | DD5: 1968 | DE5: 333 | DF5: 439 | DG5: 228 | DH5: 541 | DI5: 491 | DJ5: 376 | DK5: 2661 | DL5: 479 | DM5: 444 | DN5: 290 | DO5: 601 | DP5: 248 | DQ5: 417 | DR5: 3009 | DS5: 349 | DT5: 323 | DU5: 228 | DV5: 630 | DW5: 249 | DX5: 468 | DY5: 2562 | DZ5: 499 | EA5: 643 | EB5: 643 | EC5: 183 | ED5: 738 | EE5: 338 | EF5: 2679 | EG5: 727 | EH5: 532 | EI5: 314 | EJ5: 930 | EK5: 360 | EL5: 521 | EM5: 3002 | EN5: 472 | EO5: 692 | EP5: 326 | EQ5: 956 | ER5: 546 | ES5: 465 | ET5: 3198 | EU5: 643 | EV5: 802 | EW5: 513 | EX5: 723 | EY5: 425 | EZ5: 611 | FA5: 2963 | FB5: 715 | FC5: 233 | FD5: 233 | FE5: 200 | FF5: 248 | FG5: 190 | FH5: 1276 | FI5: 228 | FJ5: 272 | FK5: 222 | FL5: 667 | FM5: 463 | FN5: 578 | FO5: 2652 | FP5: 625 | FQ5: 1014 | FR5: 354 | FS5: 693 | FT5: 547 | FU5: 630 | FV5: 3071 | FW5: 512 | FX5: 587 | FY5: 318 | FZ5: 784 | GA5: 465 | GB5: 574 | GC5: 3138 | GD5: 411 | GE5: 850 | GF5: 418 | GG5: 977 | GH5: 378 | GI5: 480 | GJ5: 3169 | GK5: 615 | GL5: 693 | GM5: 377 | GN5: 821 | GO5: 523 | GP5: 391 | GQ5: 3223 | GR5: 552 | GS5: 657 | GT5: 338 | GU5: 592 | GV5: 785 | GW5: 387 | GX5: 3355 | GY5: 846 | GZ5: 979 | HA5: 561 | HB5: 785 | HC5: 508 | HD5: 517 | HE5: 3750 | HF5: 665 | HG5: 582 | HH5: 378 | HI5: 1088 | HJ5: 503 | HK5: 290 | HL5: 2086 | HM5: 506 | HN5: 741 | HO5: 373 | HP5: 1000 | HQ5: 646 | HR5: 556 | HS5: 3747 | HT5: 755 | HU5: 554 | HV5: 386 | HW5: 909 | HX5: 805 | HY5: 581 | HZ5: 4224 | IA5: 725 | IB5: 544 | IC5: 422 | ID5: 951 | IE5: 791 | IF5: 460 | IG5: 4336 | IH5: 654 | II5: 601 | IJ5: 377 | IK5: 928 | IL5: 751 | IM5: 431 | IN5: 4189 | IO5: 585 | IP5: 588 | IQ5: 394 | IR5: 751 | IS5: 482 | IT5: 424 | IU5: 4088 | IV5: 441 | IW5: 681 | IX5: 280 | IY5: 881 | IZ5: 527 | JA5: 640 | JB5: 4185 | JC5: 603 | JD5: 648 | JE5: 458 | JF5: 951 | JG5: 601 | JH5: 492 | JI5: 4090 | JJ5: 565 | JK5: 833 | JL5: 328 | JM5: 926 | JN5: 621 | JO5: 599 | JP5: 3711 | JQ5: 299 | JR5: 328 | JS5: 240 | JT5: 778 | JU5: 542 | JV5: 400 | JW5: 4014 | JX5: 548 | JY5: 786 | JZ5: 253 | KA5: 1127 | KB5: 530 | KC5: 507 | KD5: 3863 | KE5: 663 | KF5: 513 | KG5: 299 | KH5: 912 | KI5: 482 | KJ5: 770 | KK5: 3596 | KL5: 540 | KM5: 627 | KN5: 331 | KO5: 983 | KP5: 787 | KQ5: 526 | KR5: 4042 | KS5: 490 | KT5: 643 | KU5: 306 | KV5: 976 | KW5: 424 | KX5: 525 | KY5: 4104 | KZ5: 575 | LA5: 850 | LB5: 401 | LC5: 984 | LD5: 446 | LE5: 509 | LF5: 3678 | LG5: 613 | LH5: 599 | LI5: 377 | LJ5: 1000 | LK5: 386 | LL5: 488 | LM5: 4012 | LN5: 531 | LO5: 820 | LP5: 332 | LQ5: 850 | LR5: 551 | LS5: 600 | LT5: 3820 | LU5: 466 | LV5: 492 | LW5: 472 | LX5: 363 | LY5: 412 | LZ5: 541 | MA5: 4135 | MB5: 672 | MC5: 838 | MD5: 306 | ME5: 1011 | MF5: 594 | MG5: 719 | MH5: 3464 | MI5: 1098 | MJ5: 592 | MK5: 438 | ML5: 878 | MM5: 503 | MN5: 577 | MO5: 1857 | MP5: 466 | MQ5: 492 | MR5: 472 | MS5: 363 | MT5: 482 | MU5: 751 | MV5: 3612 | MW5: 705 | MX5: 305 | MY5: 319 | MZ5: 835 | NA5: 597 | NB5: 785 | NC5: 3969 | ND5: 793 | NE5: 755 | NF5: 309 | NG5: 926 | NH5: 586 | NI5: 399 | NJ5: 3378 | NK5: 802 | NL5: 525 | NM5: 343 | NN5: 516 | NO5: 455 | NP5: 413 | NQ5: 3534 | NR5: 632 | NS5: 456 | NT5: 342 | NU5: 640 | NV5: 462 | NW5: 538 | NX5: 3374 | NY5: 580 | NZ5: 690 | OA5: 350 | OB5: 823 | OC5: 664 | OD5: 445 | OE5: 3463 | OF5: 431 | OG5: 755 | OH5: 331 | OI5: 711 | OJ5: 394 | OK5: 487 | OL5: 2519 | OM5: 367 | ON5: 554 | OO5: 342 | OP5: 762 | OQ5: 568 | OR5: 397 | OS5: 3004 | OT5: 215 | OU5: 155 | OV5: 198 | OW5: 932 | OX5: 567 | OY5: 496 | OZ5: 3431 | PA5: 600 | PB5: 264 | PC5: 137 | PD5: 360 | PE5: 164 | PF5: 216 | PG5: 1650 | PH5: 976 | PI5: 494 | PJ5: 209 | PK5: 659 | PL5: 288 | PM5: 312 | PN5: 2361 | PO5: 623 | PP5: 639 | PQ5: 271 | PR5: 536 | PS5: 587 | PT5: 302 | PU5: 2315 | PV5: 1295 | PW5: 445 | PX5: 357 | PY5: 806 | PZ5: 407 | QA5: 589 | QB5: 1718 | QC5: 752 | QD5: 321 | QE5: 302 | QF5: 401 | QG5: 293 | QH5: 301 | QI5: 2668 | QJ5: 1011 | QK5: 1771 | QL5: 895 | QM5: 1101 | QN5: 634 | QO5: 584 | QP5: 4068 | QQ5: 2127 | QR5: 638 | QS5: 428 | QT5: 784 | QU5: 372 | QV5: 624 | QW5: 3246 | QX5: 1225 | QY5: 693 | QZ5: 417 | RA5: 1048 | RB5: 491 | RC5: 537 | RD5: 2526 | RE5: 1093 | RF5: 742 | RG5: 460 | RH5: 1095 | RI5: 522 | RJ5: 442 | RK5: 3414 | RL5: 1314 | RM5: 729 | RN5: 519 | RO5: 872 | RP5: 471 | RQ5: 573 | RR5: 3395 | RS5: 1746 | RT5: 920 | RU5: 617 | RV5: 1084 | RW5: 514 | RX5: 534 | RY5: 3713 | RZ5: 1492 | SA5: 666 | SB5: 494 | SC5: 1025 | SD5: 626 | SE5: 657 | SF5: 3616 | SG5: 1435
B6: Pcs | C6: Chicken Breast Strips | D6: 362 | E6: 301 | F6: 183 | G6: 148 | H6: 335 | I6: 258 | J6: 3050 | K6: 362 | L6: 301 | M6: 183 | N6: 148 | O6: 335 | P6: 258 | Q6: 3050 | R6: 362 | S6: 301 | T6: 183 | U6: 148 | V6: 335 | W6: 258 | X6: 3050 | Y6: 362 | Z6: 301 | AA6: 183 | AB6: 148 | AC6: 335 | AD6: 258 | AE6: 3050 | AF6: 362 | AG6: 301 | AH6: 183 | AI6: 148 | AJ6: 335 | AK6: 258 | AL6: 3050 | AM6: 362 | AN6: 301 | AO6: 183 | AP6: 148 | AQ6: 335 | AR6: 258 | AS6: 3050 | AT6: 362 | AU6: 301 | AV6: 183 | AW6: 148 | AX6: 335 | AY6: 258 | AZ6: 3050 | BA6: 362 | BB6: 301 | BC6: 183 | BD6: 148 | BE6: 335 | BF6: 258 | BG6: 3050 | BH6: 362 | BI6: 301 | BJ6: 183 | BK6: 148 | BL6: 335 | BM6: 258 | BN6: 3050 | BO6: 362 | BP6: 301 | BQ6: 183 | BR6: 148 | BS6: 335 | BT6: 258 | BU6: 3050 | BV6: 362 | BW6: 301 | BX6: 183 | BY6: 148 | BZ6: 335 | CA6: 258 | CB6: 3050 | CC6: 362 | CD6: 301 | CE6: 183 | CF6: 148 | CG6: 335 | CH6: 258 | CI6: 3050 | CJ6: 362 | CK6: 301 | CL6: 183 | CM6: 148 | CN6: 335 | CO6: 258 | CP6: 3050 | CQ6: 362 | CR6: 301 | CS6: 183 | CT6: 148 | CU6: 335 | CV6: 258 | CW6: 3050 | CX6: 362 | CY6: 301 | CZ6: 183 | DA6: 148 | DB6: 335 | DC6: 118 | DD6: 1402 | DE6: 288 | DF6: 337 | DG6: 97 | DH6: 361 | DI6: 706 | DJ6: 249 | DK6: 2045 | DL6: 280 | DM6: 244 | DN6: 165 | DO6: 372 | DP6: 248 | DQ6: 210 | DR6: 2332 | DS6: 339 | DT6: 183 | DU6: 122 | DV6: 408 | DW6: 232 | DX6: 185 | DY6: 2004 | DZ6: 330 | EA6: 354 | EB6: 3584 | EC6: 112 | ED6: 576 | EE6: 205 | EF6: 2067 | EG6: 483 | EH6: 266 | EI6: 110 | EJ6: 665 | EK6: 219 | EL6: 323 | EM6: 2290 | EN6: 281 | EO6: 402 | EP6: 106 | EQ6: 644 | ER6: 527 | ES6: 318 | ET6: 2399 | EU6: 381 | EV6: 457 | EW6: 313 | EX6: 440 | EY6: 271 | EZ6: 252 | FA6: 2248 | FB6: 471 | FC6: 143 | FD6: 143 | FE6: 130 | FF6: 101 | FG6: 83 | FH6: 938 | FI6: 152 | FJ6: 130 | FK6: 87 | FL6: 495 | FM6: 254 | FN6: 307 | FO6: 2195 | FP6: 451 | FQ6: 662 | FR6: 166 | FS6: 411 | FT6: 368 | FU6: 606 | FV6: 2288 | FW6: 504 | FX6: 466 | FY6: 136 | FZ6: 500 | GA6: 372 | GB6: 405 | GC6: 2372 | GD6: 343 | GE6: 582 | GF6: 22 | GG6: 600 | GH6: 185 | GI6: 366 | GJ6: 2433 | GK6: 421 | GL6: 460 | GM6: 204 | GN6: 594 | GO6: 471 | GP6: 305 | GQ6: 2517 | GR6: 420 | GS6: 515 | GT6: 163 | GU6: 440 | GV6: 371 | GW6: 280 | GX6: 2485 | GY6: 556 | GZ6: 658 | HA6: 230 | HB6: 371 | HC6: 210 | HD6: 551 | HE6: 3509 | HF6: 559 | HG6: 372 | HH6: 254 | HI6: 695 | HJ6: 354 | HK6: 282 | HL6: 1508 | HM6: 265 | HN6: 651 | HO6: 156 | HP6: 667 | HQ6: 419 | HR6: 341 | HS6: 2707 | HT6: 506 | HU6: 406 | HV6: 198 | HW6: 558 | HX6: 297 | HY6: 397 | HZ6: 3194 | IA6: 400 | IB6: 364 | IC6: 136 | ID6: 638 | IE6: 377 | IF6: 441 | IG6: 3262 | IH6: 358 | II6: 468 | IJ6: 172 | IK6: 615 | IL6: 437 | IM6: 306 | IN6: 3236 | IO6: 228 | IP6: 496 | IQ6: 162 | IR6: 531 | IS6: 335 | IT6: 258 | IU6: 3089 | IV6: 442 | IW6: 585 | IX6: 212 | IY6: 590 | IZ6: 261 | JA6: 396 | JB6: 3259 | JC6: 512 | JD6: 428 | JE6: 191 | JF6: 608 | JG6: 343 | JH6: 377 | JI6: 3119 | JJ6: 560 | JK6: 407 | JL6: 155 | JM6: 583 | JN6: 517 | JO6: 400 | JP6: 1709 | JQ6: 127 | JR6: 159 | JS6: 119 | JT6: 521 | JU6: 399 | JV6: 385 | JW6: 3051 | JX6: 322 | JY6: 444 | JZ6: 139 | KA6: 706 | KB6: 400 | KC6: 356 | KD6: 2890 | KE6: 531 | KF6: 343 | KG6: 145 | KH6: 605 | KI6: 512 | KJ6: 709 | KK6: 2730 | KL6: 324 | KM6: 430 | KN6: 173 | KO6: 639 | KP6: 383 | KQ6: 396 | KR6: 3206 | KS6: 418 | KT6: 298 | KU6: 134 | KV6: 653 | KW6: 303 | KX6: 302 | KY6: 3139 | KZ6: 440 | LA6: 749 | LB6: 186 | LC6: 662 | LD6: 309 | LE6: 329 | LF6: 2540 | LG6: 308 | LH6: 360 | LI6: 140 | LJ6: 649 | LK6: 229 | LL6: 299 | LM6: 2974 | LN6: 407 | LO6: 376 | LP6: 109 | LQ6: 537 | LR6: 359 | LS6: 350 | LT6: 2774 | LU6: 362 | LV6: 301 | LW6: 183 | LX6: 148 | LY6: 154 | LZ6: 337 | MA6: 3143 | MB6: 297 | MC6: 482 | MD6: 143 | ME6: 668 | MF6: 350 | MG6: 332 | MH6: 2358 | MI6: 630 | MJ6: 312 | MK6: 192 | ML6: 592 | MM6: 313 | MN6: 290 | MO6: 3304 | MP6: 362 | MQ6: 301 | MR6: 183 | MS6: 148 | MT6: 335 | MU6: 344 | MV6: 2610 | MW6: 426 | MX6: 140 | MY6: 141 | MZ6: 544 | NA6: 396 | NB6: 309 | NC6: 2814 | ND6: 151 | NE6: 419 | NF6: 137 | NG6: 509 | NH6: 866 | NI6: 277 | NJ6: 2585 | NK6: 565 | NL6: 245 | NM6: 167 | NN6: 411 | NO6: 433 | NP6: 357 | NQ6: 2628 | NR6: 284 | NS6: 367 | NT6: 167 | NU6: 442 | NV6: 468 | NW6: 271 | NX6: 2465 | NY6: 358 | NZ6: 272 | OA6: 143 | OB6: 577 | OC6: 458 | OD6: 340 | OE6: 2498 | OF6: 261 | OG6: 312 | OH6: 127 | OI6: 485 | OJ6: 235 | OK6: 170 | OL6: 2041 | OM6: 147 | ON6: 378 | OO6: 127 | OP6: 547 | OQ6: 378 | OR6: 398 | OS6: 2193 | OT6: 108 | OU6: 64 | OV6: 88 | OW6: 702 | OX6: 189 | OY6: 231 | OZ6: 2443 | PA6: 262 | PB6: 108 | PC6: 59 | PD6: 220 | PE6: 72 | PF6: 92 | PG6: 1226 | PH6: 256 | PI6: 262 | PJ6: 116 | PK6: 418 | PL6: 150 | PM6: 128 | PN6: 1900 | PO6: 132 | PP6: 402 | PQ6: 95 | PR6: 371 | PS6: 234 | PT6: 162 | PU6: 1716 | PV6: 134 | PW6: 176 | PX6: 142 | PY6: 537 | PZ6: 160 | QA6: 357 | QB6: 1296 | QC6: 138 | QD6: 110 | QE6: 117 | QF6: 300 | QG6: 202 | QH6: 183 | QI6: 1994 | QJ6: 231 | QK6: 3243 | QL6: 125 | QM6: 665 | QN6: 632 | QO6: 298 | QP6: 3074 | QQ6: 397 | QR6: 349 | QS6: 197 | QT6: 597 | QU6: 219 | QV6: 394 | QW6: 2326 | QX6: 299 | QY6: 353 | QZ6: 190 | RA6: 743 | RB6: 430 | RC6: 270 | RD6: 1749 | RE6: 297 | RF6: 360 | RG6: 194 | RH6: 816 | RI6: 374 | RJ6: 342 | RK6: 2387 | RL6: 455 | RM6: 351 | RN6: 147 | RO6: 557 | RP6: 262 | RQ6: 420 | RR6: 2458 | RS6: 287 | RT6: 373 | RU6: 236 | RV6: 746 | RW6: 273 | RX6: 375 | RY6: 2772 | RZ6: 310 | SA6: 505 | SB6: 193 | SC6: 709 | SD6: 460 | SE6: 565 | SF6: 2546 | SG6: 229
B7: Pcs | C7: Drum Stick | D7: 80 | E7: 24 | F7: 24 | G7: 10 | H7: 74 | I7: 61 | J7: 52 | K7: 80 | L7: 24 | M7: 24 | N7: 10 | O7: 74 | P7: 61 | Q7: 52 | R7: 80 | S7: 24 | T7: 24 | U7: 10 | V7: 74 | W7: 61 | X7: 52 | Y7: 80 | Z7: 24 | AA7: 24 | AB7: 10 | AC7: 74 | AD7: 61 | AE7: 52 | AF7: 80 | AG7: 24 | AH7: 24 | AI7: 10 | AJ7: 74 | AK7: 61 | AL7: 52 | AM7: 80 | AN7: 24 | AO7: 24 | AP7: 10 | AQ7: 74 | AR7: 61 | AS7: 52 | AT7: 80 | AU7: 24 | AV7: 24 | AW7: 10 | AX7: 74 | AY7: 61 | AZ7: 52 | BA7: 80 | BB7: 24 | BC7: 24 | BD7: 10 | BE7: 74 | BF7: 61 | BG7: 52 | BH7: 80 | BI7: 24 | BJ7: 24 | BK7: 10 | BL7: 74 | BM7: 61 | BN7: 52 | BO7: 80 | BP7: 24 | BQ7: 24 | BR7: 10 | BS7: 74 | BT7: 61 | BU7: 52 | BV7: 80 | BW7: 24 | BX7: 24 | BY7: 10 | BZ7: 74 | CA7: 61 | CB7: 52 | CC7: 80 | CD7: 24 | CE7: 24 | CF7: 10 | CG7: 74 | CH7: 61 | CI7: 52 | CJ7: 80 | CK7: 24 | CL7: 24 | CM7: 10 | CN7: 74 | CO7: 61 | CP7: 52 | CQ7: 80 | CR7: 24 | CS7: 24 | CT7: 10 | CU7: 74 | CV7: 61 | CW7: 52 | CX7: 80 | CY7: 24 | CZ7: 24 | DA7: 10 | DB7: 74 | DC7: 39 | DD7: 0 | DE7: 10 | DF7: 4 | DG7: 7 | DH7: 39 | DI7: 42 | DJ7: 10 | DK7: 117 | DL7: 41 | DM7: 63 | DN7: 43 | DO7: 78 | DP7: 60 | DQ7: 0 | DR7: 65 | DS7: 195 | DT7: 26 | DU7: 0 | DV7: 52 | DW7: 28 | DX7: 11 | DY7: 169 | DZ7: 0 | EA7: 51 | EB7: 51 | EC7: 21 | ED7: 32 | EE7: 39 | EF7: 65 | EG7: 20 | EH7: 65 | EI7: 6 | EJ7: 14 | EK7: 65 | EL7: 61 | EM7: 69 | EN7: 58 | EO7: 16 | EP7: 54 | EQ7: 99 | ER7: 29 | ES7: 62 | ET7: 65 | EU7: 0 | EV7: 156 | EW7: 39 | EX7: 26 | EY7: 42 | EZ7: 55 | FA7: 52 | FB7: 78 | FC7: 0 | FD7: 0 | FE7: 39 | FF7: 32 | FG7: 20 | FH7: 39 | FI7: 26 | FJ7: 13 | FK7: 13 | FL7: 65 | FM7: 65 | FN7: 39 | FO7: 52 | FP7: 52 | FQ7: 130 | FR7: 39 | FS7: 38 | FT7: 1 | FU7: 13 | FV7: 78 | FW7: 78 | FX7: 52 | FY7: 39 | FZ7: 78 | GA7: 65 | GB7: 26 | GC7: 35 | GD7: 79 | GE7: 94 | GF7: 0 | GG7: 13 | GH7: 22 | GI7: 57 | GJ7: 36 | GK7: 67 | GL7: 78 | GM7: 42 | GN7: 24 | GO7: 59 | GP7: 107 | GQ7: 56 | GR7: 16 | GS7: 12 | GT7: 47 | GU7: 74 | GV7: 48 | GW7: 41 | GX7: 33 | GY7: 47 | GZ7: 33 | HA7: 25 | HB7: 48 | HC7: 65 | HD7: 55 | HE7: 179 | HF7: 0 | HG7: 40 | HH7: 30 | HI7: 38 | HJ7: 44 | HK7: 173 | HL7: 0 | HM7: 104 | HN7: 65 | HO7: 4 | HP7: 61 | HQ7: 91 | HR7: 84 | HS7: 37 | HT7: 10 | HU7: 45 | HV7: 22 | HW7: 44 | HX7: 14 | HY7: 116 | HZ7: 17 | IA7: 55 | IB7: 134 | IC7: 22 | ID7: 70 | IE7: 65 | IF7: 82 | IG7: 100 | IH7: 52 | II7: 195 | IJ7: 22 | IK7: 30 | IL7: 117 | IM7: 91 | IN7: 65 | IO7: 13 | IP7: 39 | IQ7: 55 | IR7: 127 | IS7: 74 | IT7: 61 | IU7: 18 | IV7: 44 | IW7: 99 | IX7: 107 | IY7: 58 | IZ7: 121 | JA7: 78 | JB7: 35 | JC7: 252 | JD7: 115 | JE7: 22 | JF7: 32 | JG7: 32 | JH7: 32 | JI7: 41 | JJ7: 82 | JK7: 73 | JL7: 11 | JM7: 12 | JN7: 107 | JO7: 86 | JP7: 11 | JQ7: 27 | JR7: 6 | JS7: 73 | JT7: 16 | JU7: 64 | JV7: 84 | JW7: 30 | JX7: 112 | JY7: 82 | JZ7: 52 | KA7: 20 | KB7: 62 | KC7: 88 | KD7: 83 | KE7: 73 | KF7: 51 | KG7: 16 | KH7: 58 | KI7: 68 | KJ7: 74 | KK7: 64 | KL7: 37 | KM7: 12 | KN7: 12 | KO7: 37 | KP7: 83 | KQ7: 32 | KR7: 81 | KS7: 52 | KT7: 38 | KU7: 34 | KV7: 2 | KW7: 35 | KX7: 73 | KY7: 96 | KZ7: 97 | LA7: 31 | LB7: 29 | LC7: 70 | LD7: 77 | LE7: 64 | LF7: 43 | LG7: 69 | LH7: 20 | LI7: 36 | LJ7: 34 | LK7: 51 | LL7: 91 | LM7: 77 | LN7: 46 | LO7: 72 | LP7: 24 | LQ7: 56 | LR7: 59 | LS7: 39 | LT7: 93 | LU7: 80 | LV7: 24 | LW7: 24 | LX7: 10 | LY7: 38 | LZ7: 97 | MA7: 52 | MB7: 34 | MC7: 49 | MD7: 60 | ME7: 20 | MF7: 55 | MG7: 127 | MH7: 23 | MI7: 53 | MJ7: 31 | MK7: 42 | ML7: 16 | MM7: 61 | MN7: 56 | MO7: 12 | MP7: 80 | MQ7: 24 | MR7: 24 | MS7: 10 | MT7: 74 | MU7: 139 | MV7: 30 | MW7: 74 | MX7: 6 | MY7: 67 | MZ7: 9 | NA7: 77 | NB7: 62 | NC7: 65 | ND7: 67 | NE7: 72 | NF7: 0 | NG7: 19 | NH7: 30 | NI7: 57 | NJ7: 18 | NK7: 82 | NL7: 14 | NM7: 72 | NN7: 77 | NO7: 157 | NP7: 58 | NQ7: 78 | NR7: 65 | NS7: 53 | NT7: 26 | NU7: 18 | NV7: 164 | NW7: 12 | NX7: 48 | NY7: 56 | NZ7: 85 | OA7: 13 | OB7: 0 | OC7: 34 | OD7: 25 | OE7: 26 | OF7: 26 | OG7: 13 | OH7: 13 | OI7: 0 | OJ7: 13 | OK7: 91 | OL7: 39 | OM7: 39 | ON7: 0 | OO7: 39 | OP7: 26 | OQ7: 0 | OR7: 91 | OS7: 0 | OT7: 8 | OU7: 11 | OV7: 20 | OW7: 65 | OX7: 58 | OY7: 59 | OZ7: 52 | PA7: 39 | PB7: 26 | PC7: 39 | PD7: 4 | PE7: 0 | PF7: 26 | PG7: 26 | PH7: 13 | PI7: 52 | PJ7: 0 | PK7: 0 | PL7: 25 | PM7: 14 | PN7: 156 | PO7: 0 | PP7: 0 | PQ7: 0 | PR7: 0 | PS7: 7 | PT7: 42 | PU7: 68 | PV7: 39 | PW7: 3 | PX7: 9 | PY7: 1 | PZ7: 60 | QA7: 31 | QB7: 91 | QC7: 0 | QD7: 0 | QE7: 26 | QF7: 13 | QG7: 39 | QH7: 110 | QI7: 179 | QJ7: 25 | QK7: 2 | QL7: 91 | QM7: 21 | QN7: 44 | QO7: 52 | QP7: 15 | QQ7: 115 | QR7: 25 | QS7: 0 | QT7: 2 | QU7: 17 | QV7: 26 | QW7: 18 | QX7: 63 | QY7: 18 | QZ7: 143 | RA7: 20 | RB7: 42 | RC7: 65 | RD7: 35 | RE7: 33 | RF7: 0 | RG7: 0 | RH7: 9 | RI7: 45 | RJ7: 46 | RK7: 39 | RL7: 56 | RM7: 4 | RN7: 22 | RO7: 20 | RP7: 70 | RQ7: 99 | RR7: 26 | RS7: 20 | RT7: 38 | RU7: 27 | RV7: 12 | RW7: 131 | RX7: 48 | RY7: 45 | RZ7: 60 | SA7: 94 | SB7: 47 | SC7: 9 | SD7: 54 | SE7: 34 | SF7: 35 | SG7: 37
B8: Pcs | C8: Fiery Thigh & Drums | D8: 0 | E8: 0 | F8: 0 | G8: 0 | H8: 0 | I8: 0 | J8: 0 | K8: 0 | L8: 0 | M8: 0 | N8: 0 | O8: 0 | P8: 0 | Q8: 0 | R8: 0 | S8: 0 | T8: 0 | U8: 0 | V8: 0 | W8: 0 | X8: 0 | Y8: 0 | Z8: 0 | AA8: 0 | AB8: 0 | AC8: 0 | AD8: 0 | AE8: 0 | AF8: 0 | AG8: 0 | AH8: 0 | AI8: 0 | AJ8: 0 | AK8: 0 | AL8: 0 | AM8: 0 | AN8: 0 | AO8: 0 | AP8: 0 | AQ8: 0 | AR8: 0 | AS8: 0 | AT8: 0 | AU8: 0 | AV8: 0 | AW8: 0 | AX8: 0 | AY8: 0 | AZ8: 0 | BA8: 0 | BB8: 0 | BC8: 0 | BD8: 0 | BE8: 0 | BF8: 0 | BG8: 0 | BH8: 0 | BI8: 0 | BJ8: 0 | BK8: 0 | BL8: 0 | BM8: 0 | BN8: 0 | BO8: 0 | BP8: 0 | BQ8: 0 | BR8: 0 | BS8: 0 | BT8: 0 | BU8: 0 | BV8: 0 | BW8: 0 | BX8: 0 | BY8: 0 | BZ8: 0 | CA8: 0 | CB8: 0 | CC8: 0 | CD8: 0 | CE8: 0 | CF8: 0 | CG8: 0 | CH8: 0 | CI8: 0 | CJ8: 0 | CK8: 0 | CL8: 0 | CM8: 0 | CN8: 0 | CO8: 0 | CP8: 0 | CQ8: 0 | CR8: 0 | CS8: 0 | CT8: 0 | CU8: 0 | CV8: 0 | CW8: 0 | CX8: 0 | CY8: 0 | CZ8: 0 | DA8: 0 | DB8: 0 | DC8: 0 | DD8: 0 | DE8: 0 | DF8: 0 | DG8: 0 | DH8: 0 | DI8: 0 | DJ8: 0 | DK8: 0 | DL8: 0 | DM8: 0 | DN8: 0 | DO8: 0 | DP8: 0 | DQ8: 0 | DR8: 0 | DS8: 0 | DT8: 0 | DU8: 0 | DV8: 0 | DW8: 0 | DX8: 0 | DY8: 0 | DZ8: 0 | EA8: 0 | EB8: 0 | EC8: 0 | ED8: 0 | EE8: 0 | EF8: 0 | EG8: 0 | EH8: 0 | EI8: 0 | EJ8: 0 | EK8: 0 | EL8: 0 | EM8: 0 | EN8: 0 | EO8: 0 | EP8: 0 | EQ8: 0 | ER8: 0 | ES8: 0 | ET8: 0 | EU8: 0 | EV8: 0 | EW8: 0 | EX8: 0 | EY8: 0 | EZ8: 0 | FA8: 0 | FB8: 0 | FC8: 0 | FD8: 0 | FE8: 0 | FF8: 0 | FG8: 0 | FH8: 0 | FI8: 0 | FJ8: 0 | FK8: 0 | FL8: 0 | FM8: 0 | FN8: 0 | FO8: 0 | FP8: 0 | FQ8: 0 | FR8: 0 | FS8: 0 | FT8: 0 | FU8: 0 | FV8: 0 | FW8: 0 | FX8: 0 | FY8: 0 | FZ8: 0 | GA8: 0 | GB8: 0 | GC8: 0 | GD8: 0 | GE8: 0 | GF8: 0 | GG8: 0 | GH8: 0 | GI8: 0 | GJ8: 0 | GK8: 0 | GL8: 0 | GM8: 0 | GN8: 0 | GO8: 0 | GP8: 0 | GQ8: 0 | GR8: 0 | GS8: 0 | GT8: 0 | GU8: 0 | GV8: 0 | GW8: 0 | GX8: 0 | GY8: 0 | GZ8: 0 | HA8: 0 | HB8: 0 | HC8: 0 | HD8: 0 | HE8: 0 | HF8: 0 | HG8: 0 | HH8: 0 | HI8: 0 | HJ8: 0 | HK8: 0 | HL8: 0 | HM8: 4.5 | HN8: 0 | HO8: 0 | HP8: 0 | HQ8: 0 | HR8: 0 | HS8: 0 | HT8: 0 | HU8: 0 | HV8: 0 | HW8: 0 | HX8: 0 | HY8: 0 | HZ8: 0 | IA8: 0 | IB8: 0 | IC8: 0 | ID8: 0 | IE8: 0 | IF8: 0 | IG8: 0 | IH8: 0 | II8: 0 | IJ8: 0 | IK8: 0 | IL8: 0 | IM8: 0 | IN8: 0 | IO8: 0 | IP8: 0 | IQ8: 0 | IR8: 0 | IS8: 0 | IT8: 0 | IU8: 0 | IV8: 0 | IW8: 0 | IX8: 0 | IY8: 0 | IZ8: 0 | JA8: 0 | JB8: 0 | JC8: 0 | JD8: 0 | JE8: 0 | JF8: 0 | JG8: 0 | JH8: 0 | JI8: 0 | JJ8: 0 | JK8: 0 | JL8: 0 | JM8: 0 | JN8: 0 | JO8: 0 | JP8: 0 | JQ8: 0 | JR8: 0 | JS8: 0 | JT8: 0 | JU8: 0 | JV8: 0 | JW8: 0 | JX8: 0 | JY8: 0 | JZ8: 0 | KA8: 0 | KB8: 0 | KC8: 0 | KD8: 0 | KE8: 0 | KF8: 0 | KG8: 0 | KH8: 0 | KI8: 0 | KJ8: 0 | KK8: 0 | KL8: 0 | KM8: 0 | KN8: 0 | KO8: 0 | KP8: 0 | KQ8: 0 | KR8: 0 | KS8: 0 | KT8: 0 | KU8: 0 | KV8: 0 | KW8: 0 | KX8: 0 | KY8: 0 | KZ8: 0 | LA8: 0 | LB8: 0 | LC8: 0 | LD8: 0 | LE8: 0 | LF8: 0 | LG8: 0 | LH8: 0 | LI8: 0 | LJ8: 0 | LK8: 0 | LL8: 0 | LM8: 0 | LN8: 0 | LO8: 0 | LP8: 0 | LQ8: 0 | LR8: 0 | LS8: 0 | LT8: 0 | LU8: 0 | LV8: 0 | LW8: 0 | LX8: 0 | LY8: 0 | LZ8: 0 | MA8: 0 | MB8: 0 | MC8: 0 | MD8: 0 | ME8: 0 | MF8: 0 | MG8: 0 | MH8: 0 | MI8: 0 | MJ8: 0 | MK8: 0 | ML8: 0 | MM8: 0 | MN8: 0 | MO8: 0 | MP8: 0 | MQ8: 0 | MR8: 0 | MS8: 0 | MT8: 0 | MU8: 0 | MV8: 0 | MW8: 0 | MX8: 0 | MY8: 0 | MZ8: 0 | NA8: 0 | NB8: 0 | NC8: 0 | ND8: 0 | NE8: 0 | NF8: 0 | NG8: 0 | NH8: 0 | NI8: 0 | NJ8: 0 | NK8: 0 | NL8: 0 | NM8: 0 | NN8: 0 | NO8: 0 | NP8: 0 | NQ8: 0 | NR8: 0 | NS8: 0 | NT8: 0 | NU8: 0 | NV8: 0 | NW8: 0 | NX8: 0 | NY8: 0 | NZ8: 0 | OA8: 0 | OB8: 0 | OC8: 0 | OD8: 0 | OE8: 0 | OF8: 0 | OG8: 0 | OH8: 0 | OI8: 0 | OJ8: 0 | OK8: 0 | OL8: 0 | OM8: 0 | ON8: 0 | OO8: 0 | OP8: 0 | OQ8: 0 | OR8: 0 | OS8: 0 | OT8: 0 | OU8: 0 | OV8: 0 | OW8: 0 | OX8: 0 | OY8: 0 | OZ8: 0 | PA8: 0 | PB8: 0 | PC8: 0 | PD8: 0 | PE8: 0 | PF8: 0 | PG8: 0 | PH8: 0 | PI8: 0 | PJ8: 0 | PK8: 0 | PL8: 0 | PM8: 0 | PN8: 0 | PO8: 0 | PP8: 0 | PQ8: 0 | PR8: 0 | PS8: 0 | PT8: 0 | PU8: 0 | PV8: 0 | PW8: 0 | PX8: 0 | PY8: 0 | PZ8: 0 | QA8: 0 | QB8: 0 | QC8: 0 | QD8: 0 | QE8: 0 | QF8: 0 | QG8: 0 | QH8: 0 | QI8: 0 | QJ8: 0 | QK8: 0 | QL8: 0 | QM8: 0 | QN8: 0 | QO8: 0 | QP8: 0 | QQ8: 0 | QR8: 0 | QS8: 0 | QT8: 0 | QU8: 0 | QV8: 0 | QW8: 0 | QX8: 0 | QY8: 0 | QZ8: 0 | RA8: 0 | RB8: 0 | RC8: 0 | RD8: 0 | RE8: 0 | RF8: 0 | RG8: 0 | RH8: 0 | RI8: 0 | RJ8: 0 | RK8: 0 | RL8: 0 | RM8: 0 | RN8: 0 | RO8: 0 | RP8: 0 | RQ8: 0 | RR8: 0 | RS8: 0 | RT8: 0 | RU8: 0 | RV8: 0 | RW8: 0 | RX8: 0 | RY8: 0 | RZ8: 0 | SA8: 0 | SB8: 0 | SC8: 0 | SD8: 0 | SE8: 0 | SF8: 0 | SG8: 0
B9: Kg | C9: Popcorn Chicken | D9: 2.61 | E9: 4.9 | F9: 1.5 | G9: 4.23 | H9: 2.77 | I9: 1.5 | J9: 3.1 | K9: 2.61 | L9: 4.9 | M9: 1.5 | N9: 4.23 | O9: 2.77 | P9: 1.5 | Q9: 3.1 | R9: 2.61 | S9: 4.9 | T9: 1.5 | U9: 4.23 | V9: 2.77 | W9: 1.5 | X9: 3.1 | Y9: 2.61 | Z9: 4.9 | AA9: 1.5 | AB9: 4.23 | AC9: 2.77 | AD9: 1.5 | AE9: 3.1 | AF9: 2.61 | AG9: 4.9 | AH9: 1.5 | AI9: 4.23 | AJ9: 2.77 | AK9: 1.5 | AL9: 3.1 | AM9: 2.61 | AN9: 4.9 | AO9: 1.5 | AP9: 4.23 | AQ9: 2.77 | AR9: 1.5 | AS9: 3.1 | AT9: 2.61 | AU9: 4.9 | AV9: 1.5 | AW9: 4.23 | AX9: 2.77 | AY9: 1.5 | AZ9: 3.1 | BA9: 2.61 | BB9: 4.9 | BC9: 1.5 | BD9: 4.23 | BE9: 2.77 | BF9: 1.5 | BG9: 3.1 | BH9: 2.61 | BI9: 4.9 | BJ9: 1.5 | BK9: 4.23 | BL9: 2.77 | BM9: 1.5 | BN9: 3.1 | BO9: 2.61 | BP9: 4.9 | BQ9: 1.5 | BR9: 4.23 | BS9: 2.77 | BT9: 1.5 | BU9: 3.1 | BV9: 2.61 | BW9: 4.9 | BX9: 1.5 | BY9: 4.23 | BZ9: 2.77 | CA9: 1.5 | CB9: 3.1 | CC9: 2.61 | CD9: 4.9 | CE9: 1.5 | CF9: 4.23 | CG9: 2.77 | CH9: 1.5 | CI9: 3.1 | CJ9: 2.61 | CK9: 4.9 | CL9: 1.5 | CM9: 4.23 | CN9: 2.77 | CO9: 1.5 | CP9: 3.1 | CQ9: 2.61 | CR9: 4.9 | CS9: 1.5 | CT9: 4.23 | CU9: 2.77 | CV9: 1.5 | CW9: 3.1 | CX9: 2.61 | CY9: 4.9 | CZ9: 1.5 | DA9: 4.23 | DB9: 2.77 | DC9: 0.4 | DD9: 3.5 | DE9: 2 | DF9: 2.2 | DG9: 2.3 | DH9: 1.1 | DI9: 2.4 | DJ9: 1.4 | DK9: 6.1 | DL9: 2.5 | DM9: 3.05 | DN9: 1.85 | DO9: 1.35 | DP9: 2.1 | DQ9: 2.5 | DR9: 2 | DS9: 0.9 | DT9: 3.6 | DU9: 2.8 | DV9: 2 | DW9: 1.7 | DX9: 2.3 | DY9: 3 | DZ9: 2.2 | EA9: 4 | EB9: 4 | EC9: 1.3 | ED9: 2.3 | EE9: 2.8 | EF9: 2.5 | EG9: 2.5 | EH9: 4.5 | EI9: 2.7 | EJ9: 2.58 | EK9: 1.7 | EL9: 1.7 | EM9: 1.8 | EN9: 2.5 | EO9: 6 | EP9: 2.5 | EQ9: 2 | ER9: 6 | ES9: 2.1 | ET9: 3.4 | EU9: 2.6 | EV9: 9.8 | EW9: 3.7 | EX9: 1.8 | EY9: 2.7 | EZ9: 3.44 | FA9: 3 | FB9: 2 | FC9: 2.9 | FD9: 2.6 | FE9: 0.9 | FF9: 2.9 | FG9: 1.3 | FH9: 1.7 | FI9: 2.4 | FJ9: 3.37 | FK9: 2.5 | FL9: 1.3 | FM9: 2.23 | FN9: 1.2 | FO9: 3.3 | FP9: 3.3 | FQ9: 4.2 | FR9: 3.7 | FS9: 1.3 | FT9: 3.4 | FU9: 3.22 | FV9: 2.2 | FW9: 2.4 | FX9: 3.9 | FY9: 3.2 | FZ9: 1.7 | GA9: 4.5 | GB9: 2.6 | GC9: 3 | GD9: 3.8 | GE9: 4.4 | GF9: 3.59 | GG9: 2.4 | GH9: 2.2 | GI9: 2.4 | GJ9: 2.2 | GK9: 2.7 | GL9: 4.14 | GM9: 3.6 | GN9: 2.9 | GO9: 2.6 | GP9: 3.1 | GQ9: 6.9 | GR9: 2.5 | GS9: 5.16 | GT9: 3.7 | GU9: 2.8 | GV9: 1.7 | GW9: 4.2 | GX9: 5.2 | GY9: 1.5 | GZ9: 6.7 | HA9: 3.1 | HB9: 1.7 | HC9: 2.6 | HD9: 1.7 | HE9: 2.7 | HF9: 2.5 | HG9: 5.2 | HH9: 4.7 | HI9: 3.1 | HJ9: 5 | HK9: 3.1 | HL9: 3 | HM9: 4.5 | HN9: 7 | HO9: 4.2 | HP9: 2.2 | HQ9: 3.2 | HR9: 2.7 | HS9: 2.8 | HT9: 3 | HU9: 5.79 | HV9: 4.7 | HW9: 2 | HX9: 4.6 | HY9: 3.52 | HZ9: 3.89 | IA9: 4.5 | IB9: 5.3 | IC9: 3.8 | ID9: 1.4 | IE9: 4.4 | IF9: 3.2 | IG9: 2.6 | IH9: 3.1 | II9: 5 | IJ9: 4 | IK9: 1.8 | IL9: 4.4 | IM9: 2.3 | IN9: 4.4 | IO9: 4.9 | IP9: 4 | IQ9: 3.12 | IR9: 0.74 | IS9: 2.77 | IT9: 1.5 | IU9: 4.5 | IV9: 4 | IW9: 4 | IX9: 6.7 | IY9: 1.9 | IZ9: 3.8 | JA9: 3.6 | JB9: 1.7 | JC9: 3.8 | JD9: 11.8 | JE9: 3.1 | JF9: 1.8 | JG9: 2.1 | JH9: 3 | JI9: 4.3 | JJ9: 4.2 | JK9: 5.8 | JL9: 4.6 | JM9: 2.2 | JN9: 2.94 | JO9: 5.4 | JP9: 3 | JQ9: 1.4 | JR9: 3.4 | JS9: 2.6 | JT9: 1.5 | JU9: 2.8 | JV9: 2.2 | JW9: 2.5 | JX9: 2.5 | JY9: 5.71 | JZ9: 3.79 | KA9: 2.1 | KB9: 2.3 | KC9: 3.05 | KD9: 3.45 | KE9: 3.3 | KF9: 7.6 | KG9: 3.6 | KH9: 1.9 | KI9: 3 | KJ9: 2.05 | KK9: 1.85 | KL9: 2.8 | KM9: 5.7 | KN9: 3.5 | KO9: 2 | KP9: 2 | KQ9: 4.7 | KR9: 3.9 | KS9: 3.8 | KT9: 6.3 | KU9: 3.55 | KV9: 1 | KW9: 1.6 | KX9: 5.6 | KY9: 2.2 | KZ9: 2.1 | LA9: 4.6 | LB9: 3.72 | LC9: 3 | LD9: 3.9 | LE9: 4.88 | LF9: 2.4 | LG9: 4.8 | LH9: 3.8 | LI9: 3.39 | LJ9: 1.59 | LK9: 3.87 | LL9: 3.61 | LM9: 2.67 | LN9: 2.36 | LO9: 6.46 | LP9: 2.68 | LQ9: 2.83 | LR9: 8.3 | LS9: 1.7 | LT9: 2.35 | LU9: 2.61 | LV9: 4.9 | LW9: 1.5 | LX9: 4.23 | LY9: 2.4 | LZ9: 3.3 | MA9: 3.2 | MB9: 2.5 | MC9: 5.7 | MD9: 3.2 | ME9: 2 | MF9: 1.9 | MG9: 11.8 | MH9: 3.8 | MI9: 2 | MJ9: 3.45 | MK9: 4.4 | ML9: 0.8 | MM9: 1.8 | MN9: 3 | MO9: 3.68 | MP9: 2.61 | MQ9: 4.9 | MR9: 1.5 | MS9: 4.23 | MT9: 2.77 | MU9: 3 | MV9: 3.1 | MW9: 3.64 | MX9: 3.6 | MY9: 3.2 | MZ9: 0.7 | NA9: 4.4 | NB9: 3.9 | NC9: 6.5 | ND9: 4.7 | NE9: 4.8 | NF9: 2.2 | NG9: 1.97 | NH9: 0.87 | NI9: 4.5 | NJ9: 2.8 | NK9: 4.95 | NL9: 3.7 | NM9: 3.4 | NN9: 2.9 | NO9: 3.2 | NP9: 2.98 | NQ9: 4.1 | NR9: 4.6 | NS9: 3.93 | NT9: 3.4 | NU9: 1.3 | NV9: 5.2 | NW9: 1.8 | NX9: 1.8 | NY9: 3 | NZ9: 3.3 | OA9: 3.7 | OB9: 1.2 | OC9: 2.4 | OD9: 4.54 | OE9: 3.74 | OF9: 2.5 | OG9: 3.1 | OH9: 4.2 | OI9: 2.6 | OJ9: 0.7 | OK9: 2.3 | OL9: 3.4 | OM9: 3.6 | ON9: 3.48 | OO9: 2.6 | OP9: 3.92 | OQ9: 4.5 | OR9: 0.9 | OS9: 2.6 | OT9: 1.06 | OU9: 1.82 | OV9: 3.6 | OW9: 3.92 | OX9: 2.2 | OY9: 4.8 | OZ9: 3.96 | PA9: 3.74 | PB9: 1.5 | PC9: 1.14 | PD9: 1.28 | PE9: 0.86 | PF9: 1.5 | PG9: 2.88 | PH9: 0.82 | PI9: 2.26 | PJ9: 2.24 | PK9: 1.4 | PL9: 1.15 | PM9: 1.97 | PN9: 1.88 | PO9: 1.43 | PP9: 2.95 | PQ9: 2.62 | PR9: 1.2 | PS9: 1.88 | PT9: 2.62 | PU9: 2 | PV9: 1.5 | PW9: 3 | PX9: 2.44 | PY9: 1.66 | PZ9: 3.1 | QA9: 1.9 | QB9: 1.7 | QC9: 1.9 | QD9: 1.96 | QE9: 3.04 | QF9: 1.59 | QG9: 3.21 | QH9: 5.06 | QI9: 4.07 | QJ9: 4.37 | QK9: 3.24 | QL9: 3.06 | QM9: 1.9 | QN9: 1.6 | QO9: 3.2 | QP9: 3.6 | QQ9: 1.72 | QR9: 7.56 | QS9: 2.32 | QT9: 1.03 | QU9: 2.13 | QV9: 2.94 | QW9: 2.26 | QX9: 2.94 | QY9: 5.3 | QZ9: 5.8 | RA9: 1.7 | RB9: 4.1 | RC9: 3.65 | RD9: 3.75 | RE9: 3 | RF9: 3.8 | RG9: 4 | RH9: 0.8 | RI9: 4.6 | RJ9: 1.6 | RK9: 5.6 | RL9: 3.6 | RM9: 6 | RN9: 3.8 | RO9: 3.04 | RP9: 4.96 | RQ9: 6.7 | RR9: 3.42 | RS9: 3.88 | RT9: 5.2 | RU9: 5.17 | RV9: 2.07 | RW9: 2.59 | RX9: 3.91 | RY9: 6.71 | RZ9: 3.27 | SA9: 5.06 | SB9: 4.17 | SC9: 2.45 | SD9: 3.18 | SE9: 6.36 | SF9: 2.88 | SG9: 2.67
B10: Pcs | C10: Wings | D10: 597 | E10: 728 | F10: 460 | G10: 298 | H10: 612 | I10: 425 | J10: 3255 | K10: 597 | L10: 728 | M10: 460 | N10: 298 | O10: 612 | P10: 425 | Q10: 3255 | R10: 597 | S10: 728 | T10: 460 | U10: 298 | V10: 612 | W10: 425 | X10: 3255 | Y10: 597 | Z10: 728 | AA10: 460 | AB10: 298 | AC10: 612 | AD10: 425 | AE10: 3255 | AF10: 597 | AG10: 728 | AH10: 460 | AI10: 298 | AJ10: 612 | AK10: 425 | AL10: 3255 | AM10: 597 | AN10: 728 | AO10: 460 | AP10: 298 | AQ10: 612 | AR10: 425 | AS10: 3255 | AT10: 597 | AU10: 728 | AV10: 460 | AW10: 298 | AX10: 612 | AY10: 425 | AZ10: 3255 | BA10: 597 | BB10: 728 | BC10: 460 | BD10: 298 | BE10: 612 | BF10: 425 | BG10: 3255 | BH10: 597 | BI10: 728 | BJ10: 460 | BK10: 298 | BL10: 612 | BM10: 425 | BN10: 3255 | BO10: 597 | BP10: 728 | BQ10: 460 | BR10: 298 | BS10: 612 | BT10: 425 | BU10: 3255 | BV10: 597 | BW10: 728 | BX10: 460 | BY10: 298 | BZ10: 612 | CA10: 425 | CB10: 3255 | CC10: 597 | CD10: 728 | CE10: 460 | CF10: 298 | CG10: 612 | CH10: 425 | CI10: 3255 | CJ10: 597 | CK10: 728 | CL10: 460 | CM10: 298 | CN10: 612 | CO10: 425 | CP10: 3255 | CQ10: 597 | CR10: 728 | CS10: 460 | CT10: 298 | CU10: 612 | CV10: 425 | CW10: 3255 | CX10: 597 | CY10: 728 | CZ10: 460 | DA10: 298 | DB10: 612 | DC10: 322 | DD10: 1601 | DE10: 389 | DF10: 635 | DG10: 305 | DH10: 172 | DI10: 858 | DJ10: 433 | DK10: 2234 | DL10: 524 | DM10: 620 | DN10: 420 | DO10: 213 | DP10: 277 | DQ10: 400 | DR10: 2646 | DS10: 534 | DT10: 594 | DU10: 326 | DV10: 213 | DW10: 321 | DX10: 427 | DY10: 2253 | DZ10: 656 | EA10: 840 | EB10: 840 | EC10: 326 | ED10: 314 | EE10: 403 | EF10: 2330 | EG10: 969 | EH10: 708 | EI10: 394 | EJ10: 329 | EK10: 398 | EL10: 674 | EM10: 2461 | EN10: 492 | EO10: 960 | EP10: 374 | EQ10: 525 | ER10: 855 | ES10: 623 | ET10: 2781 | EU10: 679 | EV10: 953 | EW10: 642 | EX10: 252 | EY10: 473 | EZ10: 920 | FA10: 2544 | FB10: 923 | FC10: 311 | FD10: 311 | FE10: 109 | FF10: 220 | FG10: 237 | FH10: 1125 | FI10: 259 | FJ10: 497 | FK10: 292 | FL10: 254 | FM10: 540 | FN10: 666 | FO10: 2254 | FP10: 892 | FQ10: 1188 | FR10: 507 | FS10: 279 | FT10: 585 | FU10: 912 | FV10: 2495 | FW10: 654 | FX10: 847 | FY10: 420 | FZ10: 280 | GA10: 657 | GB10: 854 | GC10: 2656 | GD10: 564 | GE10: 1366 | GF10: 625 | GG10: 255 | GH10: 345 | GI10: 681 | GJ10: 2649 | GK10: 722 | GL10: 1041 | GM10: 529 | GN10: 369 | GO10: 578 | GP10: 503 | GQ10: 2648 | GR10: 747 | GS10: 1123 | GT10: 551 | GU10: 937 | GV10: 527 | GW10: 540 | GX10: 2680 | GY10: 1131 | GZ10: 409 | HA10: 550 | HB10: 527 | HC10: 610 | HD10: 715 | HE10: 2536 | HF10: 783 | HG10: 826 | HH10: 561 | HI10: 294 | HJ10: 514 | HK10: 559 | HL10: 1688 | HM10: 705 | HN10: 1194 | HO10: 519 | HP10: 322 | HQ10: 940 | HR10: 687 | HS10: 3189 | HT10: 1017 | HU10: 926 | HV10: 559 | HW10: 251 | HX10: 546 | HY10: 834 | HZ10: 3420 | IA10: 727 | IB10: 945 | IC10: 530 | ID10: 283 | IE10: 496 | IF10: 480 | IG10: 3502 | IH10: 529 | II10: 932 | IJ10: 522 | IK10: 230 | IL10: 890 | IM10: 576 | IN10: 3285 | IO10: 594 | IP10: 822 | IQ10: 676 | IR10: 227 | IS10: 612 | IT10: 425 | IU10: 3266 | IV10: 597 | IW10: 887 | IX10: 570 | IY10: 306 | IZ10: 558 | JA10: 830 | JB10: 3574 | JC10: 913 | JD10: 980 | JE10: 604 | JF10: 240 | JG10: 455 | JH10: 678 | JI10: 3425 | JJ10: 825 | JK10: 1007 | JL10: 605 | JM10: 248 | JN10: 803 | JO10: 731 | JP10: 3239 | JQ10: 221 | JR10: 439 | JS10: 446 | JT10: 230 | JU10: 761 | JV10: 574 | JW10: 3375 | JX10: 662 | JY10: 1026 | JZ10: 424 | KA10: 232 | KB10: 729 | KC10: 805 | KD10: 3410 | KE10: 952 | KF10: 668 | KG10: 474 | KH10: 200 | KI10: 656 | KJ10: 1027 | KK10: 2991 | KL10: 566 | KM10: 886 | KN10: 463 | KO10: 237 | KP10: 708 | KQ10: 698 | KR10: 3381 | KS10: 628 | KT10: 853 | KU10: 425 | KV10: 391 | KW10: 533 | KX10: 741 | KY10: 3260 | KZ10: 903 | LA10: 1387 | LB10: 612 | LC10: 356 | LD10: 491 | LE10: 590 | LF10: 2717 | LG10: 705 | LH10: 797 | LI10: 552 | LJ10: 263 | LK10: 480 | LL10: 663 | LM10: 3171 | LN10: 531 | LO10: 865 | LP10: 442 | LQ10: 261 | LR10: 687 | LS10: 738 | LT10: 3225 | LU10: 597 | LV10: 728 | LW10: 460 | LX10: 298 | LY10: 435 | LZ10: 705 | MA10: 3338 | MB10: 692 | MC10: 1120 | MD10: 528 | ME10: 376 | MF10: 696 | MG10: 625 | MH10: 2675 | MI10: 1218 | MJ10: 778 | MK10: 528 | ML10: 262 | MM10: 542 | MN10: 527 | MO10: 1459 | MP10: 597 | MQ10: 728 | MR10: 460 | MS10: 298 | MT10: 612 | MU10: 748 | MV10: 3011 | MW10: 779 | MX10: 431 | MY10: 397 | MZ10: 245 | NA10: 916 | NB10: 687 | NC10: 3264 | ND10: 403 | NE10: 810 | NF10: 424 | NG10: 285 | NH10: 667 | NI10: 540 | NJ10: 2760 | NK10: 816 | NL10: 651 | NM10: 447 | NN10: 568 | NO10: 588 | NP10: 520 | NQ10: 2860 | NR10: 558 | NS10: 734 | NT10: 392 | NU10: 441 | NV10: 680 | NW10: 523 | NX10: 2702 | NY10: 488 | NZ10: 719 | OA10: 477 | OB10: 444 | OC10: 812 | OD10: 706 | OE10: 2796 | OF10: 436 | OG10: 927 | OH10: 423 | OI10: 500 | OJ10: 392 | OK10: 405 | OL10: 2155 | OM10: 430 | ON10: 970 | OO10: 458 | OP10: 352 | OQ10: 630 | OR10: 528 | OS10: 2532 | OT10: 173 | OU10: 165 | OV10: 307 | OW10: 413 | OX10: 462 | OY10: 443 | OZ10: 2647 | PA10: 473 | PB10: 241 | PC10: 136 | PD10: 111 | PE10: 172 | PF10: 226 | PG10: 1304 | PH10: 518 | PI10: 552 | PJ10: 285 | PK10: 225 | PL10: 300 | PM10: 296 | PN10: 1986 | PO10: 251 | PP10: 875 | PQ10: 220 | PR10: 259 | PS10: 469 | PT10: 308 | PU10: 1976 | PV10: 305 | PW10: 450 | PX10: 350 | PY10: 368 | PZ10: 482 | QA10: 733 | QB10: 1516 | QC10: 320 | QD10: 313 | QE10: 343 | QF10: 225 | QG10: 281 | QH10: 208 | QI10: 2232 | QJ10: 387 | QK10: 377 | QL10: 412 | QM10: 373 | QN10: 946 | QO10: 549 | QP10: 3401 | QQ10: 756 | QR10: 861 | QS10: 426 | QT10: 406 | QU10: 510 | QV10: 645 | QW10: 2565 | QX10: 717 | QY10: 885 | QZ10: 678 | RA10: 531 | RB10: 789 | RC10: 576 | RD10: 1894 | RE10: 652 | RF10: 791 | RG10: 496 | RH10: 722 | RI10: 597 | RJ10: 579 | RK10: 2717 | RL10: 786 | RM10: 744 | RN10: 569 | RO10: 407 | RP10: 489 | RQ10: 786 | RR10: 2779 | RS10: 443 | RT10: 748 | RU10: 666 | RV10: 685 | RW10: 681 | RX10: 681 | RY10: 3031 | RZ10: 638 | SA10: 1090 | SB10: 511 | SC10: 602 | SD10: 745 | SE10: 979 | SF10: 2890 | SG10: 535
B11: Pcs | C11: Zinger Fillet | D11: 95 | E11: 73 | F11: 32 | G11: 58 | H11: 81 | I11: 351 | J11: 58 | K11: 95 | L11: 73 | M11: 32 | N11: 58 | O11: 81 | P11: 351 | Q11: 58 | R11: 95 | S11: 73 | T11: 32 | U11: 58 | V11: 81 | W11: 351 | X11: 58 | Y11: 95 | Z11: 73 | AA11: 32 | AB11: 58 | AC11: 81 | AD11: 351 | AE11: 58 | AF11: 95 | AG11: 73 | AH11: 32 | AI11: 58 | AJ11: 81 | AK11: 351 | AL11: 58 | AM11: 95 | AN11: 73 | AO11: 32 | AP11: 58 | AQ11: 81 | AR11: 351 | AS11: 58 | AT11: 95 | AU11: 73 | AV11: 32 | AW11: 58 | AX11: 81 | AY11: 351 | AZ11: 58 | BA11: 95 | BB11: 73 | BC11: 32 | BD11: 58 | BE11: 81 | BF11: 351 | BG11: 58 | BH11: 95 | BI11: 73 | BJ11: 32 | BK11: 58 | BL11: 81 | BM11: 351 | BN11: 58 | BO11: 95 | BP11: 73 | BQ11: 32 | BR11: 58 | BS11: 81 | BT11: 351 | BU11: 58 | BV11: 95 | BW11: 73 | BX11: 32 | BY11: 58 | BZ11: 81 | CA11: 351 | CB11: 58 | CC11: 95 | CD11: 73 | CE11: 32 | CF11: 58 | CG11: 81 | CH11: 351 | CI11: 58 | CJ11: 95 | CK11: 73 | CL11: 32 | CM11: 58 | CN11: 81 | CO11: 351 | CP11: 58 | CQ11: 95 | CR11: 73 | CS11: 32 | CT11: 58 | CU11: 81 | CV11: 351 | CW11: 58 | CX11: 95 | CY11: 73 | CZ11: 32 | DA11: 58 | DB11: 81 | DC11: 190 | DD11: 73 | DE11: 65 | DF11: 79 | DG11: 37 | DH11: 32 | DI11: 84 | DJ11: 213 | DK11: 69 | DL11: 73 | DM11: 119 | DN11: 43 | DO11: 78 | DP11: 60 | DQ11: 223 | DR11: 98 | DS11: 88 | DT11: 64 | DU11: 55 | DV11: 55 | DW11: 45 | DX11: 342 | DY11: 55 | DZ11: 82 | EA11: 129 | EB11: 129 | EC11: 32 | ED11: 29 | EE11: 47 | EF11: 78 | EG11: 86 | EH11: 77 | EI11: 51 | EJ11: 89 | EK11: 75 | EL11: 337 | EM11: 38 | EN11: 95 | EO11: 67 | EP11: 58 | EQ11: 54 | ER11: 107 | ES11: 335 | ET11: 72 | EU11: 66 | EV11: 199 | EW11: 63 | EX11: 54 | EY11: 77 | EZ11: 394 | FA11: 61 | FB11: 119 | FC11: 46 | FD11: 41 | FE11: 20 | FF11: 45 | FG11: 151 | FH11: 75 | FI11: 51 | FJ11: 82 | FK11: 59 | FL11: 39 | FM11: 88 | FN11: 259 | FO11: 71 | FP11: 63 | FQ11: 251 | FR11: 138 | FS11: 58 | FT11: 78 | FU11: 372 | FV11: 115 | FW11: 115 | FX11: 95 | FY11: 62 | FZ11: 78 | GA11: 78 | GB11: 474 | GC11: 3 | GD11: 116 | GE11: 164 | GF11: 68 | GG11: 42 | GH11: 50 | GI11: 354 | GJ11: 58 | GK11: 84 | GL11: 105 | GM11: 65 | GN11: 30 | GO11: 100 | GP11: 351 | GQ11: 56 | GR11: 128 | GS11: 76 | GT11: 73 | GU11: 82 | GV11: 48 | GW11: 380 | GX11: 63 | GY11: 150 | GZ11: 51 | HA11: 30 | HB11: 48 | HC11: 61 | HD11: 477 | HE11: 39 | HF11: 113 | HG11: 98 | HH11: 80 | HI11: 45 | HJ11: 44 | HK11: 431 | HL11: 36 | HM11: 78 | HN11: 180 | HO11: 65 | HP11: 45 | HQ11: 155 | HR11: 351 | HS11: 67 | HT11: 60 | HU11: 77 | HV11: 71 | HW11: 51 | HX11: 70 | HY11: 384 | HZ11: 96 | IA11: 77 | IB11: 145 | IC11: 57 | ID11: 51 | IE11: 85 | IF11: 342 | IG11: 76 | IH11: 91 | II11: 190 | IJ11: 58 | IK11: 53 | IL11: 75 | IM11: 478 | IN11: 57 | IO11: 83 | IP11: 97 | IQ11: 78 | IR11: 77 | IS11: 81 | IT11: 351 | IU11: 81 | IV11: 77 | IW11: 101 | IX11: 84 | IY11: 68 | IZ11: 57 | JA11: 337 | JB11: 29 | JC11: 146 | JD11: 106 | JE11: 84 | JF11: 43 | JG11: 53 | JH11: 347 | JI11: 101 | JJ11: 93 | JK11: 75 | JL11: 90 | JM11: 75 | JN11: 96 | JO11: 353 | JP11: 92 | JQ11: 55 | JR11: 56 | JS11: 70 | JT11: 41 | JU11: 57 | JV11: 294 | JW11: 64 | JX11: 97 | JY11: 108 | JZ11: 56 | KA11: 77 | KB11: 82 | KC11: 431 | KD11: 67 | KE11: 106 | KF11: 107 | KG11: 61 | KH11: 72 | KI11: 99 | KJ11: 357 | KK11: 41 | KL11: 109 | KM11: 99 | KN11: 67 | KO11: 49 | KP11: 215 | KQ11: 387 | KR11: 197 | KS11: 83 | KT11: 81 | KU11: 60 | KV11: 59 | KW11: 82 | KX11: 375 | KY11: 78 | KZ11: 90 | LA11: 79 | LB11: 86 | LC11: 99 | LD11: 66 | LE11: 342 | LF11: 75 | LG11: 85 | LH11: 111 | LI11: 58 | LJ11: 58 | LK11: 91 | LL11: 344 | LM11: 81 | LN11: 99 | LO11: 73 | LP11: 69 | LQ11: 93 | LR11: 104 | LS11: 367 | LT11: 136 | LU11: 95 | LV11: 73 | LW11: 32 | LX11: 58 | LY11: 61 | LZ11: 422 | MA11: 67 | MB11: 74 | MC11: 94 | MD11: 58 | ME11: 84 | MF11: 72 | MG11: 321 | MH11: 81 | MI11: 157 | MJ11: 77 | MK11: 63 | ML11: 69 | MM11: 123 | MN11: 331 | MO11: 68 | MP11: 95 | MQ11: 73 | MR11: 32 | MS11: 58 | MT11: 81 | MU11: 363 | MV11: 97 | MW11: 105 | MX11: 63 | MY11: 49 | MZ11: 58 | NA11: 78 | NB11: 449 | NC11: 64 | ND11: 67 | NE11: 122 | NF11: 63 | NG11: 62 | NH11: 71 | NI11: 393 | NJ11: 78 | NK11: 105 | NL11: 124 | NM11: 69 | NN11: 87 | NO11: 76 | NP11: 303 | NQ11: 115 | NR11: 74 | NS11: 107 | NT11: 62 | NU11: 65 | NV11: 108 | NW11: 393 | NX11: 100 | NY11: 67 | NZ11: 98 | OA11: 56 | OB11: 62 | OC11: 101 | OD11: 301 | OE11: 65 | OF11: 90 | OG11: 91 | OH11: 76 | OI11: 57 | OJ11: 67 | OK11: 330 | OL11: 80 | OM11: 48 | ON11: 83 | OO11: 50 | OP11: 54 | OQ11: 96 | OR11: 372 | OS11: 53 | OT11: 34 | OU11: 19 | OV11: 65 | OW11: 64 | OX11: 72 | OY11: 354 | OZ11: 90 | PA11: 86 | PB11: 33 | PC11: 25 | PD11: 17 | PE11: 27 | PF11: 201 | PG11: 59 | PH11: 72 | PI11: 53 | PJ11: 30 | PK11: 23 | PL11: 53 | PM11: 235 | PN11: 75 | PO11: 36 | PP11: 60 | PQ11: 35 | PR11: 53 | PS11: 78 | PT11: 247 | PU11: 63 | PV11: 85 | PW11: 53 | PX11: 51 | PY11: 48 | PZ11: 62 | QA11: 279 | QB11: 53 | QC11: 60 | QD11: 55 | QE11: 60 | QF11: 24 | QG11: 78 | QH11: 200 | QI11: 81 | QJ11: 55 | QK11: 78 | QL11: 65 | QM11: 70 | QN11: 110 | QO11: 403 | QP11: 87 | QQ11: 88 | QR11: 120 | QS11: 72 | QT11: 67 | QU11: 77 | QV11: 338 | QW11: 68 | QX11: 96 | QY11: 112 | QZ11: 82 | RA11: 72 | RB11: 64 | RC11: 280 | RD11: 75 | RE11: 73 | RF11: 69 | RG11: 69 | RH11: 73 | RI11: 62 | RJ11: 288 | RK11: 66 | RL11: 86 | RM11: 85 | RN11: 55 | RO11: 65 | RP11: 72 | RQ11: 347 | RR11: 63 | RS11: 64 | RT11: 117 | RU11: 74 | RV11: 59 | RW11: 66 | RX11: 377 | RY11: 39 | RZ11: 74 | SA11: 85 | SB11: 50 | SC11: 51 | SD11: 96 | SE11: 328 | SF11: 96 | SG11: 93

Sheet UsagePerHour
B2: Total Sales | C2: =INDEX(Sales!$D$5:$ABF$18,MATCH(UsagePerHour!$B2,Sales!$C$5:$C$18,0),MATCH(UsagePerHour!C$4,Sales!$D$3:$ABF$3,0)) -> 168812.14 | D2: =INDEX(Sales!$D$5:$ABF$18,MATCH(UsagePerHour!$B2,Sales!$C$5:$C$18,0),MATCH(UsagePerHour!D$4,Sales!$D$3:$ABF$3,0)) -> 164646 | E2: =INDEX(Sales!$D$5:$ABF$18,MATCH(UsagePerHour!$B2,Sales!$C$5:$C$18,0),MATCH(UsagePerHour!E$4,Sales!$D$3:$ABF$3,0)) -> 125250 | F2: =INDEX(Sales!$D$5:$ABF$18,MATCH(UsagePerHour!$B2,Sales!$C$5:$C$18,0),MATCH(UsagePerHour!F$4,Sales!$D$3:$ABF$3,0)) -> 103045 | G2: =INDEX(Sales!$D$5:$ABF$18,MATCH(UsagePerHour!$B2,Sales!$C$5:$C$18,0),MATCH(UsagePerHour!G$4,Sales!$D$3:$ABF$3,0)) -> 168417 | H2: =INDEX(Sales!$D$5:$ABF$18,MATCH(UsagePerHour!$B2,Sales!$C$5:$C$18,0),MATCH(UsagePerHour!H$4,Sales!$D$3:$ABF$3,0)) -> 182082 | I2: =INDEX(Sales!$D$5:$ABF$18,MATCH(UsagePerHour!$B2,Sales!$C$5:$C$18,0),MATCH(UsagePerHour!I$4,Sales!$D$3:$ABF$3,0)) -> 593964 | J2: =INDEX(Sales!$D$5:$ABF$18,MATCH(UsagePerHour!$B2,Sales!$C$5:$C$18,0),MATCH(UsagePerHour!J$4,Sales!$D$3:$ABF$3,0)) -> 168812.14 | ... ABA2: =INDEX(Sales!$D$5:$ABF$18,MATCH(UsagePerHour!$B2,Sales!$C$5:$C$18,0),MATCH(UsagePerHour!ABA$4,Sales!$D$3:$ABF$3,0)) -> 0
B4: Chicken | C4: =Usage!D$3 -> 45658 | D4: =C4+1 -> 45659 | E4: =D4+1 -> 45660 | F4: =E4+1 -> 45661 | G4: =F4+1 -> 45662 | H4: =G4+1 -> 45663 | I4: =H4+1 -> 45664 | J4: =I4+1 -> 45665 | K4: =J4+1 -> 45666 | ... ABA4: =AAZ4+1 -> 46384
B5: pcs | C5: =TEXT(C4,"ddd") -> Wed | D5: =TEXT(D4,"ddd") -> Thu | E5: =TEXT(E4,"ddd") -> Fri | F5: =TEXT(F4,"ddd") -> Sat | G5: =TEXT(G4,"ddd") -> Sun | H5: =TEXT(H4,"ddd") -> Mon | I5: =TEXT(I4,"ddd") -> Tue | J5: =TEXT(J4,"ddd") -> Wed | ... ABA5: =TEXT(ABA4,"ddd") -> Mon
B6: 11 AM - 12 PM | C6: =IFERROR(INDEX(Sales!$D$5:$ABF$18,MATCH(UsagePerHour!$B6,Sales!$C$5:$C$18,0),MATCH(UsagePerHour!C$4,Sales!$D$3:$ABF$3,0))/C$2*INDEX(Usage!$D$5:$ABF$11,MATCH(UsagePerHour!$B$4,Usage!$C$5:$C$11,0),MATCH(UsagePerHour!C$4,Usage!$D$3:$ABF$3,0)),"") -> 5.9547094 | D6: =IFERROR(INDEX(Sales!$D$5:$ABF$18,MATCH(UsagePerHour!$B6,Sales!$C$5:$C$18,0),MATCH(UsagePerHour!D$4,Sales!$D$3:$ABF$3,0))/D$2*INDEX(Usage!$D$5:$ABF$11,MATCH(UsagePerHour!$B$4,Usage!$C$5:$C$11,0),MATCH(UsagePerHour!D$4,Usage!$D$3:$ABF$3,0)),"") -> 2.8388178 | E6: =IFERROR(INDEX(Sales!$D$5:$ABF$18,MATCH(UsagePerHour!$B6,Sales!$C$5:$C$18,0),MATCH(UsagePerHour!E$4,Sales!$D$3:$ABF$3,0))/E$2*INDEX(Usage!$D$5:$ABF$11,MATCH(UsagePerHour!$B$4,Usage!$C$5:$C$11,0),MATCH(UsagePerHour!E$4,Usage!$D$3:$ABF$3,0)),"") -> 9.1686707 | F6: =IFERROR(INDEX(Sales!$D$5:$ABF$18,MATCH(UsagePerHour!$B6,Sales!$C$5:$C$18,0),MATCH(UsagePerHour!F$4,Sales!$D$3:$ABF$3,0))/F$2*INDEX(Usage!$D$5:$ABF$11,MATCH(UsagePerHour!$B$4,Usage!$C$5:$C$11,0),MATCH(UsagePerHour!F$4,Usage!$D$3:$ABF$3,0)),"") -> 3.5826192 | G6: =IFERROR(INDEX(Sales!$D$5:$ABF$18,MATCH(UsagePerHour!$B6,Sales!$C$5:$C$18,0),MATCH(UsagePerHour!G$4,Sales!$D$3:$ABF$3,0))/G$2*INDEX(Usage!$D$5:$ABF$11,MATCH(UsagePerHour!$B$4,Usage!$C$5:$C$11,0),MATCH(UsagePerHour!G$4,Usage!$D$3:$ABF$3,0)),"") -> 38.524626 | H6: =IFERROR(INDEX(Sales!$D$5:$ABF$18,MATCH(UsagePerHour!$B6,Sales!$C$5:$C$18,0),MATCH(UsagePerHour!H$4,Sales!$D$3:$ABF$3,0))/H$2*INDEX(Usage!$D$5:$ABF$11,MATCH(UsagePerHour!$B$4,Usage!$C$5:$C$11,0),MATCH(UsagePerHour!H$4,Usage!$D$3:$ABF$3,0)),"") -> 7.744994 | I6: =IFERROR(INDEX(Sales!$D$5:$ABF$18,MATCH(UsagePerHour!$B6,Sales!$C$5:$C$18,0),MATCH(UsagePerHour!I$4,Sales!$D$3:$ABF$3,0))/I$2*INDEX(Usage!$D$5:$ABF$11,MATCH(UsagePerHour!$B$4,Usage!$C$5:$C$11,0),MATCH(UsagePerHour!I$4,Usage!$D$3:$ABF$3,0)),"") -> 209.04115 | J6: =IFERROR(INDEX(Sales!$D$5:$ABF$18,MATCH(UsagePerHour!$B6,Sales!$C$5:$C$18,0),MATCH(UsagePerHour!J$4,Sales!$D$3:$ABF$3,0))/J$2*INDEX(Usage!$D$5:$ABF$11,MATCH(UsagePerHour!$B$4,Usage!$C$5:$C$11,0),MATCH(UsagePerHour!J$4,Usage!$D$3:$ABF$3,0)),"") -> 5.9547094 | ... ABA6: =IFERROR(INDEX(Sales!$D$5:$ABF$18,MATCH(UsagePerHour!$B6,Sales!$C$5:$C$18,0),MATCH(UsagePerHour!ABA$4,Sales!$D$3:$ABF$3,0))/ABA$2*INDEX(Usage!$D$5:$ABF$11,MATCH(UsagePerHour!$B$4,Usage!$C$5:$C$11,0),MATCH(UsagePerHour!ABA$4,Usage!$D$3:$ABF$3,0)),"")
B7: 12 PM - 1 PM | C7: =IFERROR(INDEX(Sales!$D$5:$ABF$18,MATCH(UsagePerHour!$B7,Sales!$C$5:$C$18,0),MATCH(UsagePerHour!C$4,Sales!$D$3:$ABF$3,0))/C$2*INDEX(Usage!$D$5:$ABF$11,MATCH(UsagePerHour!$B$4,Usage!$C$5:$C$11,0),MATCH(UsagePerHour!C$4,Usage!$D$3:$ABF$3,0)),"") -> 12.747827 | D7: =IFERROR(INDEX(Sales!$D$5:$ABF$18,MATCH(UsagePerHour!$B7,Sales!$C$5:$C$18,0),MATCH(UsagePerHour!D$4,Sales!$D$3:$ABF$3,0))/D$2*INDEX(Usage!$D$5:$ABF$11,MATCH(UsagePerHour!$B$4,Usage!$C$5:$C$11,0),MATCH(UsagePerHour!D$4,Usage!$D$3:$ABF$3,0)),"") -> 18.042928 | E7: =IFERROR(INDEX(Sales!$D$5:$ABF$18,MATCH(UsagePerHour!$B7,Sales!$C$5:$C$18,0),MATCH(UsagePerHour!E$4,Sales!$D$3:$ABF$3,0))/E$2*INDEX(Usage!$D$5:$ABF$11,MATCH(UsagePerHour!$B$4,Usage!$C$5:$C$11,0),MATCH(UsagePerHour!E$4,Usage!$D$3:$ABF$3,0)),"") -> 14.207106 | F7: =IFERROR(INDEX(Sales!$D$5:$ABF$18,MATCH(UsagePerHour!$B7,Sales!$C$5:$C$18,0),MATCH(UsagePerHour!F$4,Sales!$D$3:$ABF$3,0))/F$2*INDEX(Usage!$D$5:$ABF$11,MATCH(UsagePerHour!$B$4,Usage!$C$5:$C$11,0),MATCH(UsagePerHour!F$4,Usage!$D$3:$ABF$3,0)),"") -> 12.625474 | G7: =IFERROR(INDEX(Sales!$D$5:$ABF$18,MATCH(UsagePerHour!$B7,Sales!$C$5:$C$18,0),MATCH(UsagePerHour!G$4,Sales!$D$3:$ABF$3,0))/G$2*INDEX(Usage!$D$5:$ABF$11,MATCH(UsagePerHour!$B$4,Usage!$C$5:$C$11,0),MATCH(UsagePerHour!G$4,Usage!$D$3:$ABF$3,0)),"") -> 19.240849 | H7: =IFERROR(INDEX(Sales!$D$5:$ABF$18,MATCH(UsagePerHour!$B7,Sales!$C$5:$C$18,0),MATCH(UsagePerHour!H$4,Sales!$D$3:$ABF$3,0))/H$2*INDEX(Usage!$D$5:$ABF$11,MATCH(UsagePerHour!$B$4,Usage!$C$5:$C$11,0),MATCH(UsagePerHour!H$4,Usage!$D$3:$ABF$3,0)),"") -> 11.934183 | I7: =IFERROR(INDEX(Sales!$D$5:$ABF$18,MATCH(UsagePerHour!$B7,Sales!$C$5:$C$18,0),MATCH(UsagePerHour!I$4,Sales!$D$3:$ABF$3,0))/I$2*INDEX(Usage!$D$5:$ABF$11,MATCH(UsagePerHour!$B$4,Usage!$C$5:$C$11,0),MATCH(UsagePerHour!I$4,Usage!$D$3:$ABF$3,0)),"") -> 143.43469 | J7: =IFERROR(INDEX(Sales!$D$5:$ABF$18,MATCH(UsagePerHour!$B7,Sales!$C$5:$C$18,0),MATCH(UsagePerHour!J$4,Sales!$D$3:$ABF$3,0))/J$2*INDEX(Usage!$D$5:$ABF$11,MATCH(UsagePerHour!$B$4,Usage!$C$5:$C$11,0),MATCH(UsagePerHour!J$4,Usage!$D$3:$ABF$3,0)),"") -> 12.747827 | ... ABA7: =IFERROR(INDEX(Sales!$D$5:$ABF$18,MATCH(UsagePerHour!$B7,Sales!$C$5:$C$18,0),MATCH(UsagePerHour!ABA$4,Sales!$D$3:$ABF$3,0))/ABA$2*INDEX(Usage!$D$5:$ABF$11,MATCH(UsagePerHour!$B$4,Usage!$C$5:$C$11,0),MATCH(UsagePerHour!ABA$4,Usage!$D$3:$ABF$3,0)),"")
B8: 1 PM - 2 PM | C8: =IFERROR(INDEX(Sales!$D$5:$ABF$18,MATCH(UsagePerHour!$B8,Sales!$C$5:$C$18,0),MATCH(UsagePerHour!C$4,Sales!$D$3:$ABF$3,0))/C$2*INDEX(Usage!$D$5:$ABF$11,MATCH(UsagePerHour!$B$4,Usage!$C$5:$C$11,0),MATCH(UsagePerHour!C$4,Usage!$D$3:$ABF$3,0)),"") -> 39.648558 | D8: =IFERROR(INDEX(Sales!$D$5:$ABF$18,MATCH(UsagePerHour!$B8,Sales!$C$5:$C$18,0),MATCH(UsagePerHour!D$4,Sales!$D$3:$ABF$3,0))/D$2*INDEX(Usage!$D$5:$ABF$11,MATCH(UsagePerHour!$B$4,Usage!$C$5:$C$11,0),MATCH(UsagePerHour!D$4,Usage!$D$3:$ABF$3,0)),"") -> 18.37761 | E8: =IFERROR(INDEX(Sales!$D$5:$ABF$18,MATCH(UsagePerHour!$B8,Sales!$C$5:$C$18,0),MATCH(UsagePerHour!E$4,Sales!$D$3:$ABF$3,0))/E$2*INDEX(Usage!$D$5:$ABF$11,MATCH(UsagePerHour!$B$4,Usage!$C$5:$C$11,0),MATCH(UsagePerHour!E$4,Usage!$D$3:$ABF$3,0)),"") -> 37.986108 | F8: =IFERROR(INDEX(Sales!$D$5:$ABF$18,MATCH(UsagePerHour!$B8,Sales!$C$5:$C$18,0),MATCH(UsagePerHour!F$4,Sales!$D$3:$ABF$3,0))/F$2*INDEX(Usage!$D$5:$ABF$11,MATCH(UsagePerHour!$B$4,Usage!$C$5:$C$11,0),MATCH(UsagePerHour!F$4,Usage!$D$3:$ABF$3,0)),"") -> 20.798214 | G8: =IFERROR(INDEX(Sales!$D$5:$ABF$18,MATCH(UsagePerHour!$B8,Sales!$C$5:$C$18,0),MATCH(UsagePerHour!G$4,Sales!$D$3:$ABF$3,0))/G$2*INDEX(Usage!$D$5:$ABF$11,MATCH(UsagePerHour!$B$4,Usage!$C$5:$C$11,0),MATCH(UsagePerHour!G$4,Usage!$D$3:$ABF$3,0)),"") -> 12.458042 | H8: =IFERROR(INDEX(Sales!$D$5:$ABF$18,MATCH(UsagePerHour!$B8,Sales!$C$5:$C$18,0),MATCH(UsagePerHour!H$4,Sales!$D$3:$ABF$3,0))/H$2*INDEX(Usage!$D$5:$ABF$11,MATCH(UsagePerHour!$B$4,Usage!$C$5:$C$11,0),MATCH(UsagePerHour!H$4,Usage!$D$3:$ABF$3,0)),"") -> 23.046364 | I8: =IFERROR(INDEX(Sales!$D$5:$ABF$18,MATCH(UsagePerHour!$B8,Sales!$C$5:$C$18,0),MATCH(UsagePerHour!I$4,Sales!$D$3:$ABF$3,0))/I$2*INDEX(Usage!$D$5:$ABF$11,MATCH(UsagePerHour!$B$4,Usage!$C$5:$C$11,0),MATCH(UsagePerHour!I$4,Usage!$D$3:$ABF$3,0)),"") -> 158.21289 | J8: =IFERROR(INDEX(Sales!$D$5:$ABF$18,MATCH(UsagePerHour!$B8,Sales!$C$5:$C$18,0),MATCH(UsagePerHour!J$4,Sales!$D$3:$ABF$3,0))/J$2*INDEX(Usage!$D$5:$ABF$11,MATCH(UsagePerHour!$B$4,Usage!$C$5:$C$11,0),MATCH(UsagePerHour!J$4,Usage!$D$3:$ABF$3,0)),"") -> 39.648558 | ... ABA8: =IFERROR(INDEX(Sales!$D$5:$ABF$18,MATCH(UsagePerHour!$B8,Sales!$C$5:$C$18,0),MATCH(UsagePerHour!ABA$4,Sales!$D$3:$ABF$3,0))/ABA$2*INDEX(Usage!$D$5:$ABF$11,MATCH(UsagePerHour!$B$4,Usage!$C$5:$C$11,0),MATCH(UsagePerHour!ABA$4,Usage!$D$3:$ABF$3,0)),"")
B9: 2 PM - 3 PM | C9: =IFERROR(INDEX(Sales!$D$5:$ABF$18,MATCH(UsagePerHour!$B9,Sales!$C$5:$C$18,0),MATCH(UsagePerHour!C$4,Sales!$D$3:$ABF$3,0))/C$2*INDEX(Usage!$D$5:$ABF$11,MATCH(UsagePerHour!$B$4,Usage!$C$5:$C$11,0),MATCH(UsagePerHour!C$4,Usage!$D$3:$ABF$3,0)),"") -> 60.012509 | D9: =IFERROR(INDEX(Sales!$D$5:$ABF$18,MATCH(UsagePerHour!$B9,Sales!$C$5:$C$18,0),MATCH(UsagePerHour!D$4,Sales!$D$3:$ABF$3,0))/D$2*INDEX(Usage!$D$5:$ABF$11,MATCH(UsagePerHour!$B$4,Usage!$C$5:$C$11,0),MATCH(UsagePerHour!D$4,Usage!$D$3:$ABF$3,0)),"") -> 36.504209 | E9: =IFERROR(INDEX(Sales!$D$5:$ABF$18,MATCH(UsagePerHour!$B9,Sales!$C$5:$C$18,0),MATCH(UsagePerHour!E$4,Sales!$D$3:$ABF$3,0))/E$2*INDEX(Usage!$D$5:$ABF$11,MATCH(UsagePerHour!$B$4,Usage!$C$5:$C$11,0),MATCH(UsagePerHour!E$4,Usage!$D$3:$ABF$3,0)),"") -> 12.130683 | F9: =IFERROR(INDEX(Sales!$D$5:$ABF$18,MATCH(UsagePerHour!$B9,Sales!$C$5:$C$18,0),MATCH(UsagePerHour!F$4,Sales!$D$3:$ABF$3,0))/F$2*INDEX(Usage!$D$5:$ABF$11,MATCH(UsagePerHour!$B$4,Usage!$C$5:$C$11,0),MATCH(UsagePerHour!F$4,Usage!$D$3:$ABF$3,0)),"") -> 27.826066 | G9: =IFERROR(INDEX(Sales!$D$5:$ABF$18,MATCH(UsagePerHour!$B9,Sales!$C$5:$C$18,0),MATCH(UsagePerHour!G$4,Sales!$D$3:$ABF$3,0))/G$2*INDEX(Usage!$D$5:$ABF$11,MATCH(UsagePerHour!$B$4,Usage!$C$5:$C$11,0),MATCH(UsagePerHour!G$4,Usage!$D$3:$ABF$3,0)),"") -> 34.947197 | H9: =IFERROR(INDEX(Sales!$D$5:$ABF$18,MATCH(UsagePerHour!$B9,Sales!$C$5:$C$18,0),MATCH(UsagePerHour!H$4,Sales!$D$3:$ABF$3,0))/H$2*INDEX(Usage!$D$5:$ABF$11,MATCH(UsagePerHour!$B$4,Usage!$C$5:$C$11,0),MATCH(UsagePerHour!H$4,Usage!$D$3:$ABF$3,0)),"") -> 25.854681 | I9: =IFERROR(INDEX(Sales!$D$5:$ABF$18,MATCH(UsagePerHour!$B9,Sales!$C$5:$C$18,0),MATCH(UsagePerHour!I$4,Sales!$D$3:$ABF$3,0))/I$2*INDEX(Usage!$D$5:$ABF$11,MATCH(UsagePerHour!$B$4,Usage!$C$5:$C$11,0),MATCH(UsagePerHour!I$4,Usage!$D$3:$ABF$3,0)),"") -> 167.54325 | J9: =IFERROR(INDEX(Sales!$D$5:$ABF$18,MATCH(UsagePerHour!$B9,Sales!$C$5:$C$18,0),MATCH(UsagePerHour!J$4,Sales!$D$3:$ABF$3,0))/J$2*INDEX(Usage!$D$5:$ABF$11,MATCH(UsagePerHour!$B$4,Usage!$C$5:$C$11,0),MATCH(UsagePerHour!J$4,Usage!$D$3:$ABF$3,0)),"") -> 60.012509 | ... ABA9: =IFERROR(INDEX(Sales!$D$5:$ABF$18,MATCH(UsagePerHour!$B9,Sales!$C$5:$C$18,0),MATCH(UsagePerHour!ABA$4,Sales!$D$3:$ABF$3,0))/ABA$2*INDEX(Usage!$D$5:$ABF$11,MATCH(UsagePerHour!$B$4,Usage!$C$5:$C$11,0),MATCH(UsagePerHour!ABA$4,Usage!$D$3:$ABF$3,0)),"")
B10: 3 PM - 4 PM | C10: =IFERROR(INDEX(Sales!$D$5:$ABF$18,MATCH(UsagePerHour!$B10,Sales!$C$5:$C$18,0),MATCH(UsagePerHour!C$4,Sales!$D$3:$ABF$3,0))/C$2*INDEX(Usage!$D$5:$ABF$11,MATCH(UsagePerHour!$B$4,Usage!$C$5:$C$11,0),MATCH(UsagePerHour!C$4,Usage!$D$3:$ABF$3,0)),"") -> 27.552201 | D10: =IFERROR(INDEX(Sales!$D$5:$ABF$18,MATCH(UsagePerHour!$B10,Sales!$C$5:$C$18,0),MATCH(UsagePerHour!D$4,Sales!$D$3:$ABF$3,0))/D$2*INDEX(Usage!$D$5:$ABF$11,MATCH(UsagePerHour!$B$4,Usage!$C$5:$C$11,0),MATCH(UsagePerHour!D$4,Usage!$D$3:$ABF$3,0)),"") -> 34.666448 | E10: =IFERROR(INDEX(Sales!$D$5:$ABF$18,MATCH(UsagePerHour!$B10,Sales!$C$5:$C$18,0),MATCH(UsagePerHour!E$4,Sales!$D$3:$ABF$3,0))/E$2*INDEX(Usage!$D$5:$ABF$11,MATCH(UsagePerHour!$B$4,Usage!$C$5:$C$11,0),MATCH(UsagePerHour!E$4,Usage!$D$3:$ABF$3,0)),"") -> 17.915273 | F10: =IFERROR(INDEX(Sales!$D$5:$ABF$18,MATCH(UsagePerHour!$B10,Sales!$C$5:$C$18,0),MATCH(UsagePerHour!F$4,Sales!$D$3:$ABF$3,0))/F$2*INDEX(Usage!$D$5:$ABF$11,MATCH(UsagePerHour!$B$4,Usage!$C$5:$C$11,0),MATCH(UsagePerHour!F$4,Usage!$D$3:$ABF$3,0)),"") -> 26.106973 | G10: =IFERROR(INDEX(Sales!$D$5:$ABF$18,MATCH(UsagePerHour!$B10,Sales!$C$5:$C$18,0),MATCH(UsagePerHour!G$4,Sales!$D$3:$ABF$3,0))/G$2*INDEX(Usage!$D$5:$ABF$11,MATCH(UsagePerHour!$B$4,Usage!$C$5:$C$11,0),MATCH(UsagePerHour!G$4,Usage!$D$3:$ABF$3,0)),"") -> 42.282359 | H10: =IFERROR(INDEX(Sales!$D$5:$ABF$18,MATCH(UsagePerHour!$B10,Sales!$C$5:$C$18,0),MATCH(UsagePerHour!H$4,Sales!$D$3:$ABF$3,0))/H$2*INDEX(Usage!$D$5:$ABF$11,MATCH(UsagePerHour!$B$4,Usage!$C$5:$C$11,0),MATCH(UsagePerHour!H$4,Usage!$D$3:$ABF$3,0)),"") -> 34.074714 | I10: =IFERROR(INDEX(Sales!$D$5:$ABF$18,MATCH(UsagePerHour!$B10,Sales!$C$5:$C$18,0),MATCH(UsagePerHour!I$4,Sales!$D$3:$ABF$3,0))/I$2*INDEX(Usage!$D$5:$ABF$11,MATCH(UsagePerHour!$B$4,Usage!$C$5:$C$11,0),MATCH(UsagePerHour!I$4,Usage!$D$3:$ABF$3,0)),"") -> 245.50818 | J10: =IFERROR(INDEX(Sales!$D$5:$ABF$18,MATCH(UsagePerHour!$B10,Sales!$C$5:$C$18,0),MATCH(UsagePerHour!J$4,Sales!$D$3:$ABF$3,0))/J$2*INDEX(Usage!$D$5:$ABF$11,MATCH(UsagePerHour!$B$4,Usage!$C$5:$C$11,0),MATCH(UsagePerHour!J$4,Usage!$D$3:$ABF$3,0)),"") -> 27.552201 | ... ABA10: =IFERROR(INDEX(Sales!$D$5:$ABF$18,MATCH(UsagePerHour!$B10,Sales!$C$5:$C$18,0),MATCH(UsagePerHour!ABA$4,Sales!$D$3:$ABF$3,0))/ABA$2*INDEX(Usage!$D$5:$ABF$11,MATCH(UsagePerHour!$B$4,Usage!$C$5:$C$11,0),MATCH(UsagePerHour!ABA$4,Usage!$D$3:$ABF$3,0)),"")
B11: 4 PM - 5 PM | C11: =IFERROR(INDEX(Sales!$D$5:$ABF$18,MATCH(UsagePerHour!$B11,Sales!$C$5:$C$18,0),MATCH(UsagePerHour!C$4,Sales!$D$3:$ABF$3,0))/C$2*INDEX(Usage!$D$5:$ABF$11,MATCH(UsagePerHour!$B$4,Usage!$C$5:$C$11,0),MATCH(UsagePerHour!C$4,Usage!$D$3:$ABF$3,0)),"") -> 31.080075 | D11: =IFERROR(INDEX(Sales!$D$5:$ABF$18,MATCH(UsagePerHour!$B11,Sales!$C$5:$C$18,0),MATCH(UsagePerHour!D$4,Sales!$D$3:$ABF$3,0))/D$2*INDEX(Usage!$D$5:$ABF$11,MATCH(UsagePerHour!$B$4,Usage!$C$5:$C$11,0),MATCH(UsagePerHour!D$4,Usage!$D$3:$ABF$3,0)),"") -> 20.221348 | E11: =IFERROR(INDEX(Sales!$D$5:$ABF$18,MATCH(UsagePerHour!$B11,Sales!$C$5:$C$18,0),MATCH(UsagePerHour!E$4,Sales!$D$3:$ABF$3,0))/E$2*INDEX(Usage!$D$5:$ABF$11,MATCH(UsagePerHour!$B$4,Usage!$C$5:$C$11,0),MATCH(UsagePerHour!E$4,Usage!$D$3:$ABF$3,0)),"") -> 57.928814 | F11: =IFERROR(INDEX(Sales!$D$5:$ABF$18,MATCH(UsagePerHour!$B11,Sales!$C$5:$C$18,0),MATCH(UsagePerHour!F$4,Sales!$D$3:$ABF$3,0))/F$2*INDEX(Usage!$D$5:$ABF$11,MATCH(UsagePerHour!$B$4,Usage!$C$5:$C$11,0),MATCH(UsagePerHour!F$4,Usage!$D$3:$ABF$3,0)),"") -> 22.679354 | G11: =IFERROR(INDEX(Sales!$D$5:$ABF$18,MATCH(UsagePerHour!$B11,Sales!$C$5:$C$18,0),MATCH(UsagePerHour!G$4,Sales!$D$3:$ABF$3,0))/G$2*INDEX(Usage!$D$5:$ABF$11,MATCH(UsagePerHour!$B$4,Usage!$C$5:$C$11,0),MATCH(UsagePerHour!G$4,Usage!$D$3:$ABF$3,0)),"") -> 38.312843 | H11: =IFERROR(INDEX(Sales!$D$5:$ABF$18,MATCH(UsagePerHour!$B11,Sales!$C$5:$C$18,0),MATCH(UsagePerHour!H$4,Sales!$D$3:$ABF$3,0))/H$2*INDEX(Usage!$D$5:$ABF$11,MATCH(UsagePerHour!$B$4,Usage!$C$5:$C$11,0),MATCH(UsagePerHour!H$4,Usage!$D$3:$ABF$3,0)),"") -> 34.116629 | I11: =IFERROR(INDEX(Sales!$D$5:$ABF$18,MATCH(UsagePerHour!$B11,Sales!$C$5:$C$18,0),MATCH(UsagePerHour!I$4,Sales!$D$3:$ABF$3,0))/I$2*INDEX(Usage!$D$5:$ABF$11,MATCH(UsagePerHour!$B$4,Usage!$C$5:$C$11,0),MATCH(UsagePerHour!I$4,Usage!$D$3:$ABF$3,0)),"") -> 463.81134 | J11: =IFERROR(INDEX(Sales!$D$5:$ABF$18,MATCH(UsagePerHour!$B11,Sales!$C$5:$C$18,0),MATCH(UsagePerHour!J$4,Sales!$D$3:$ABF$3,0))/J$2*INDEX(Usage!$D$5:$ABF$11,MATCH(UsagePerHour!$B$4,Usage!$C$5:$C$11,0),MATCH(UsagePerHour!J$4,Usage!$D$3:$ABF$3,0)),"") -> 31.080075 | ... ABA11: =IFERROR(INDEX(Sales!$D$5:$ABF$18,MATCH(UsagePerHour!$B11,Sales!$C$5:$C$18,0),MATCH(UsagePerHour!ABA$4,Sales!$D$3:$ABF$3,0))/ABA$2*INDEX(Usage!$D$5:$ABF$11,MATCH(UsagePerHour!$B$4,Usage!$C$5:$C$11,0),MATCH(UsagePerHour!ABA$4,Usage!$D$3:$ABF$3,0)),"")
B12: 5 PM - 6 PM | C12: =IFERROR(INDEX(Sales!$D$5:$ABF$18,MATCH(UsagePerHour!$B12,Sales!$C$5:$C$18,0),MATCH(UsagePerHour!C$4,Sales!$D$3:$ABF$3,0))/C$2*INDEX(Usage!$D$5:$ABF$11,MATCH(UsagePerHour!$B$4,Usage!$C$5:$C$11,0),MATCH(UsagePerHour!C$4,Usage!$D$3:$ABF$3,0)),"") -> 18.009274 | D12: =IFERROR(INDEX(Sales!$D$5:$ABF$18,MATCH(UsagePerHour!$B12,Sales!$C$5:$C$18,0),MATCH(UsagePerHour!D$4,Sales!$D$3:$ABF$3,0))/D$2*INDEX(Usage!$D$5:$ABF$11,MATCH(UsagePerHour!$B$4,Usage!$C$5:$C$11,0),MATCH(UsagePerHour!D$4,Usage!$D$3:$ABF$3,0)),"") -> 29.974928 | E12: =IFERROR(INDEX(Sales!$D$5:$ABF$18,MATCH(UsagePerHour!$B12,Sales!$C$5:$C$18,0),MATCH(UsagePerHour!E$4,Sales!$D$3:$ABF$3,0))/E$2*INDEX(Usage!$D$5:$ABF$11,MATCH(UsagePerHour!$B$4,Usage!$C$5:$C$11,0),MATCH(UsagePerHour!E$4,Usage!$D$3:$ABF$3,0)),"") -> 82.005525 | F12: =IFERROR(INDEX(Sales!$D$5:$ABF$18,MATCH(UsagePerHour!$B12,Sales!$C$5:$C$18,0),MATCH(UsagePerHour!F$4,Sales!$D$3:$ABF$3,0))/F$2*INDEX(Usage!$D$5:$ABF$11,MATCH(UsagePerHour!$B$4,Usage!$C$5:$C$11,0),MATCH(UsagePerHour!F$4,Usage!$D$3:$ABF$3,0)),"") -> 36.090397 | G12: =IFERROR(INDEX(Sales!$D$5:$ABF$18,MATCH(UsagePerHour!$B12,Sales!$C$5:$C$18,0),MATCH(UsagePerHour!G$4,Sales!$D$3:$ABF$3,0))/G$2*INDEX(Usage!$D$5:$ABF$11,MATCH(UsagePerHour!$B$4,Usage!$C$5:$C$11,0),MATCH(UsagePerHour!G$4,Usage!$D$3:$ABF$3,0)),"") -> 40.198864 | H12: =IFERROR(INDEX(Sales!$D$5:$ABF$18,MATCH(UsagePerHour!$B12,Sales!$C$5:$C$18,0),MATCH(UsagePerHour!H$4,Sales!$D$3:$ABF$3,0))/H$2*INDEX(Usage!$D$5:$ABF$11,MATCH(UsagePerHour!$B$4,Usage!$C$5:$C$11,0),MATCH(UsagePerHour!H$4,Usage!$D$3:$ABF$3,0)),"") -> 28.814358 | I12: =IFERROR(INDEX(Sales!$D$5:$ABF$18,MATCH(UsagePerHour!$B12,Sales!$C$5:$C$18,0),MATCH(UsagePerHour!I$4,Sales!$D$3:$ABF$3,0))/I$2*INDEX(Usage!$D$5:$ABF$11,MATCH(UsagePerHour!$B$4,Usage!$C$5:$C$11,0),MATCH(UsagePerHour!I$4,Usage!$D$3:$ABF$3,0)),"") -> 483.61359 | J12: =IFERROR(INDEX(Sales!$D$5:$ABF$18,MATCH(UsagePerHour!$B12,Sales!$C$5:$C$18,0),MATCH(UsagePerHour!J$4,Sales!$D$3:$ABF$3,0))/J$2*INDEX(Usage!$D$5:$ABF$11,MATCH(UsagePerHour!$B$4,Usage!$C$5:$C$11,0),MATCH(UsagePerHour!J$4,Usage!$D$3:$ABF$3,0)),"") -> 18.009274 | ... ABA12: =IFERROR(INDEX(Sales!$D$5:$ABF$18,MATCH(UsagePerHour!$B12,Sales!$C$5:$C$18,0),MATCH(UsagePerHour!ABA$4,Sales!$D$3:$ABF$3,0))/ABA$2*INDEX(Usage!$D$5:$ABF$11,MATCH(UsagePerHour!$B$4,Usage!$C$5:$C$11,0),MATCH(UsagePerHour!ABA$4,Usage!$D$3:$ABF$3,0)),"")
B13: 6 PM - 7 PM | C13: =IFERROR(INDEX(Sales!$D$5:$ABF$18,MATCH(UsagePerHour!$B13,Sales!$C$5:$C$18,0),MATCH(UsagePerHour!C$4,Sales!$D$3:$ABF$3,0))/C$2*INDEX(Usage!$D$5:$ABF$11,MATCH(UsagePerHour!$B$4,Usage!$C$5:$C$11,0),MATCH(UsagePerHour!C$4,Usage!$D$3:$ABF$3,0)),"") -> 90.584658 | D13: =IFERROR(INDEX(Sales!$D$5:$ABF$18,MATCH(UsagePerHour!$B13,Sales!$C$5:$C$18,0),MATCH(UsagePerHour!D$4,Sales!$D$3:$ABF$3,0))/D$2*INDEX(Usage!$D$5:$ABF$11,MATCH(UsagePerHour!$B$4,Usage!$C$5:$C$11,0),MATCH(UsagePerHour!D$4,Usage!$D$3:$ABF$3,0)),"") -> 41.903939 | E13: =IFERROR(INDEX(Sales!$D$5:$ABF$18,MATCH(UsagePerHour!$B13,Sales!$C$5:$C$18,0),MATCH(UsagePerHour!E$4,Sales!$D$3:$ABF$3,0))/E$2*INDEX(Usage!$D$5:$ABF$11,MATCH(UsagePerHour!$B$4,Usage!$C$5:$C$11,0),MATCH(UsagePerHour!E$4,Usage!$D$3:$ABF$3,0)),"") -> 118.80834 | F13: =IFERROR(INDEX(Sales!$D$5:$ABF$18,MATCH(UsagePerHour!$B13,Sales!$C$5:$C$18,0),MATCH(UsagePerHour!F$4,Sales!$D$3:$ABF$3,0))/F$2*INDEX(Usage!$D$5:$ABF$11,MATCH(UsagePerHour!$B$4,Usage!$C$5:$C$11,0),MATCH(UsagePerHour!F$4,Usage!$D$3:$ABF$3,0)),"") -> 44.160978 | G13: =IFERROR(INDEX(Sales!$D$5:$ABF$18,MATCH(UsagePerHour!$B13,Sales!$C$5:$C$18,0),MATCH(UsagePerHour!G$4,Sales!$D$3:$ABF$3,0))/G$2*INDEX(Usage!$D$5:$ABF$11,MATCH(UsagePerHour!$B$4,Usage!$C$5:$C$11,0),MATCH(UsagePerHour!G$4,Usage!$D$3:$ABF$3,0)),"") -> 53.13485 | H13: =IFERROR(INDEX(Sales!$D$5:$ABF$18,MATCH(UsagePerHour!$B13,Sales!$C$5:$C$18,0),MATCH(UsagePerHour!H$4,Sales!$D$3:$ABF$3,0))/H$2*INDEX(Usage!$D$5:$ABF$11,MATCH(UsagePerHour!$B$4,Usage!$C$5:$C$11,0),MATCH(UsagePerHour!H$4,Usage!$D$3:$ABF$3,0)),"") -> 44.884173 | I13: =IFERROR(INDEX(Sales!$D$5:$ABF$18,MATCH(UsagePerHour!$B13,Sales!$C$5:$C$18,0),MATCH(UsagePerHour!I$4,Sales!$D$3:$ABF$3,0))/I$2*INDEX(Usage!$D$5:$ABF$11,MATCH(UsagePerHour!$B$4,Usage!$C$5:$C$11,0),MATCH(UsagePerHour!I$4,Usage!$D$3:$ABF$3,0)),"") -> 562.3099 | J13: =IFERROR(INDEX(Sales!$D$5:$ABF$18,MATCH(UsagePerHour!$B13,Sales!$C$5:$C$18,0),MATCH(UsagePerHour!J$4,Sales!$D$3:$ABF$3,0))/J$2*INDEX(Usage!$D$5:$ABF$11,MATCH(UsagePerHour!$B$4,Usage!$C$5:$C$11,0),MATCH(UsagePerHour!J$4,Usage!$D$3:$ABF$3,0)),"") -> 90.584658 | ... ABA13: =IFERROR(INDEX(Sales!$D$5:$ABF$18,MATCH(UsagePerHour!$B13,Sales!$C$5:$C$18,0),MATCH(UsagePerHour!ABA$4,Sales!$D$3:$ABF$3,0))/ABA$2*INDEX(Usage!$D$5:$ABF$11,MATCH(UsagePerHour!$B$4,Usage!$C$5:$C$11,0),MATCH(UsagePerHour!ABA$4,Usage!$D$3:$ABF$3,0)),"")
B14: 7 PM - 8 PM | C14: =IFERROR(INDEX(Sales!$D$5:$ABF$18,MATCH(UsagePerHour!$B14,Sales!$C$5:$C$18,0),MATCH(UsagePerHour!C$4,Sales!$D$3:$ABF$3,0))/C$2*INDEX(Usage!$D$5:$ABF$11,MATCH(UsagePerHour!$B$4,Usage!$C$5:$C$11,0),MATCH(UsagePerHour!C$4,Usage!$D$3:$ABF$3,0)),"") -> 63.432725 | D14: =IFERROR(INDEX(Sales!$D$5:$ABF$18,MATCH(UsagePerHour!$B14,Sales!$C$5:$C$18,0),MATCH(UsagePerHour!D$4,Sales!$D$3:$ABF$3,0))/D$2*INDEX(Usage!$D$5:$ABF$11,MATCH(UsagePerHour!$B$4,Usage!$C$5:$C$11,0),MATCH(UsagePerHour!D$4,Usage!$D$3:$ABF$3,0)),"") -> 55.96057 | E14: =IFERROR(INDEX(Sales!$D$5:$ABF$18,MATCH(UsagePerHour!$B14,Sales!$C$5:$C$18,0),MATCH(UsagePerHour!E$4,Sales!$D$3:$ABF$3,0))/E$2*INDEX(Usage!$D$5:$ABF$11,MATCH(UsagePerHour!$B$4,Usage!$C$5:$C$11,0),MATCH(UsagePerHour!E$4,Usage!$D$3:$ABF$3,0)),"") -> 54.55604 | F14: =IFERROR(INDEX(Sales!$D$5:$ABF$18,MATCH(UsagePerHour!$B14,Sales!$C$5:$C$18,0),MATCH(UsagePerHour!F$4,Sales!$D$3:$ABF$3,0))/F$2*INDEX(Usage!$D$5:$ABF$11,MATCH(UsagePerHour!$B$4,Usage!$C$5:$C$11,0),MATCH(UsagePerHour!F$4,Usage!$D$3:$ABF$3,0)),"") -> 71.293066 | G14: =IFERROR(INDEX(Sales!$D$5:$ABF$18,MATCH(UsagePerHour!$B14,Sales!$C$5:$C$18,0),MATCH(UsagePerHour!G$4,Sales!$D$3:$ABF$3,0))/G$2*INDEX(Usage!$D$5:$ABF$11,MATCH(UsagePerHour!$B$4,Usage!$C$5:$C$11,0),MATCH(UsagePerHour!G$4,Usage!$D$3:$ABF$3,0)),"") -> 46.538069 | H14: =IFERROR(INDEX(Sales!$D$5:$ABF$18,MATCH(UsagePerHour!$B14,Sales!$C$5:$C$18,0),MATCH(UsagePerHour!H$4,Sales!$D$3:$ABF$3,0))/H$2*INDEX(Usage!$D$5:$ABF$11,MATCH(UsagePerHour!$B$4,Usage!$C$5:$C$11,0),MATCH(UsagePerHour!H$4,Usage!$D$3:$ABF$3,0)),"") -> 47.00089 | I14: =IFERROR(INDEX(Sales!$D$5:$ABF$18,MATCH(UsagePerHour!$B14,Sales!$C$5:$C$18,0),MATCH(UsagePerHour!I$4,Sales!$D$3:$ABF$3,0))/I$2*INDEX(Usage!$D$5:$ABF$11,MATCH(UsagePerHour!$B$4,Usage!$C$5:$C$11,0),MATCH(UsagePerHour!I$4,Usage!$D$3:$ABF$3,0)),"") -> 706.48965 | J14: =IFERROR(INDEX(Sales!$D$5:$ABF$18,MATCH(UsagePerHour!$B14,Sales!$C$5:$C$18,0),MATCH(UsagePerHour!J$4,Sales!$D$3:$ABF$3,0))/J$2*INDEX(Usage!$D$5:$ABF$11,MATCH(UsagePerHour!$B$4,Usage!$C$5:$C$11,0),MATCH(UsagePerHour!J$4,Usage!$D$3:$ABF$3,0)),"") -> 63.432725 | ... ABA14: =IFERROR(INDEX(Sales!$D$5:$ABF$18,MATCH(UsagePerHour!$B14,Sales!$C$5:$C$18,0),MATCH(UsagePerHour!ABA$4,Sales!$D$3:$ABF$3,0))/ABA$2*INDEX(Usage!$D$5:$ABF$11,MATCH(UsagePerHour!$B$4,Usage!$C$5:$C$11,0),MATCH(UsagePerHour!ABA$4,Usage!$D$3:$ABF$3,0)),"")
B15: 8 PM - 9 PM | C15: =IFERROR(INDEX(Sales!$D$5:$ABF$18,MATCH(UsagePerHour!$B15,Sales!$C$5:$C$18,0),MATCH(UsagePerHour!C$4,Sales!$D$3:$ABF$3,0))/C$2*INDEX(Usage!$D$5:$ABF$11,MATCH(UsagePerHour!$B$4,Usage!$C$5:$C$11,0),MATCH(UsagePerHour!C$4,Usage!$D$3:$ABF$3,0)),"") -> 36.4547 | D15: =IFERROR(INDEX(Sales!$D$5:$ABF$18,MATCH(UsagePerHour!$B15,Sales!$C$5:$C$18,0),MATCH(UsagePerHour!D$4,Sales!$D$3:$ABF$3,0))/D$2*INDEX(Usage!$D$5:$ABF$11,MATCH(UsagePerHour!$B$4,Usage!$C$5:$C$11,0),MATCH(UsagePerHour!D$4,Usage!$D$3:$ABF$3,0)),"") -> 100.02201 | E15: =IFERROR(INDEX(Sales!$D$5:$ABF$18,MATCH(UsagePerHour!$B15,Sales!$C$5:$C$18,0),MATCH(UsagePerHour!E$4,Sales!$D$3:$ABF$3,0))/E$2*INDEX(Usage!$D$5:$ABF$11,MATCH(UsagePerHour!$B$4,Usage!$C$5:$C$11,0),MATCH(UsagePerHour!E$4,Usage!$D$3:$ABF$3,0)),"") -> 30.773269 | F15: =IFERROR(INDEX(Sales!$D$5:$ABF$18,MATCH(UsagePerHour!$B15,Sales!$C$5:$C$18,0),MATCH(UsagePerHour!F$4,Sales!$D$3:$ABF$3,0))/F$2*INDEX(Usage!$D$5:$ABF$11,MATCH(UsagePerHour!$B$4,Usage!$C$5:$C$11,0),MATCH(UsagePerHour!F$4,Usage!$D$3:$ABF$3,0)),"") -> 44.34416 | G15: =IFERROR(INDEX(Sales!$D$5:$ABF$18,MATCH(UsagePerHour!$B15,Sales!$C$5:$C$18,0),MATCH(UsagePerHour!G$4,Sales!$D$3:$ABF$3,0))/G$2*INDEX(Usage!$D$5:$ABF$11,MATCH(UsagePerHour!$B$4,Usage!$C$5:$C$11,0),MATCH(UsagePerHour!G$4,Usage!$D$3:$ABF$3,0)),"") -> 60.905027 | H15: =IFERROR(INDEX(Sales!$D$5:$ABF$18,MATCH(UsagePerHour!$B15,Sales!$C$5:$C$18,0),MATCH(UsagePerHour!H$4,Sales!$D$3:$ABF$3,0))/H$2*INDEX(Usage!$D$5:$ABF$11,MATCH(UsagePerHour!$B$4,Usage!$C$5:$C$11,0),MATCH(UsagePerHour!H$4,Usage!$D$3:$ABF$3,0)),"") -> 69.96808 | I15: =IFERROR(INDEX(Sales!$D$5:$ABF$18,MATCH(UsagePerHour!$B15,Sales!$C$5:$C$18,0),MATCH(UsagePerHour!I$4,Sales!$D$3:$ABF$3,0))/I$2*INDEX(Usage!$D$5:$ABF$11,MATCH(UsagePerHour!$B$4,Usage!$C$5:$C$11,0),MATCH(UsagePerHour!I$4,Usage!$D$3:$ABF$3,0)),"") -> 439.33366 | J15: =IFERROR(INDEX(Sales!$D$5:$ABF$18,MATCH(UsagePerHour!$B15,Sales!$C$5:$C$18,0),MATCH(UsagePerHour!J$4,Sales!$D$3:$ABF$3,0))/J$2*INDEX(Usage!$D$5:$ABF$11,MATCH(UsagePerHour!$B$4,Usage!$C$5:$C$11,0),MATCH(UsagePerHour!J$4,Usage!$D$3:$ABF$3,0)),"") -> 36.4547 | ... ABA15: =IFERROR(INDEX(Sales!$D$5:$ABF$18,MATCH(UsagePerHour!$B15,Sales!$C$5:$C$18,0),MATCH(UsagePerHour!ABA$4,Sales!$D$3:$ABF$3,0))/ABA$2*INDEX(Usage!$D$5:$ABF$11,MATCH(UsagePerHour!$B$4,Usage!$C$5:$C$11,0),MATCH(UsagePerHour!ABA$4,Usage!$D$3:$ABF$3,0)),"")
B16: 9 PM - 10 PM | C16: =IFERROR(INDEX(Sales!$D$5:$ABF$18,MATCH(UsagePerHour!$B16,Sales!$C$5:$C$18,0),MATCH(UsagePerHour!C$4,Sales!$D$3:$ABF$3,0))/C$2*INDEX(Usage!$D$5:$ABF$11,MATCH(UsagePerHour!$B$4,Usage!$C$5:$C$11,0),MATCH(UsagePerHour!C$4,Usage!$D$3:$ABF$3,0)),"") -> 70.389096 | D16: =IFERROR(INDEX(Sales!$D$5:$ABF$18,MATCH(UsagePerHour!$B16,Sales!$C$5:$C$18,0),MATCH(UsagePerHour!D$4,Sales!$D$3:$ABF$3,0))/D$2*INDEX(Usage!$D$5:$ABF$11,MATCH(UsagePerHour!$B$4,Usage!$C$5:$C$11,0),MATCH(UsagePerHour!D$4,Usage!$D$3:$ABF$3,0)),"") -> 81.148355 | E16: =IFERROR(INDEX(Sales!$D$5:$ABF$18,MATCH(UsagePerHour!$B16,Sales!$C$5:$C$18,0),MATCH(UsagePerHour!E$4,Sales!$D$3:$ABF$3,0))/E$2*INDEX(Usage!$D$5:$ABF$11,MATCH(UsagePerHour!$B$4,Usage!$C$5:$C$11,0),MATCH(UsagePerHour!E$4,Usage!$D$3:$ABF$3,0)),"") -> 29.352559 | F16: =IFERROR(INDEX(Sales!$D$5:$ABF$18,MATCH(UsagePerHour!$B16,Sales!$C$5:$C$18,0),MATCH(UsagePerHour!F$4,Sales!$D$3:$ABF$3,0))/F$2*INDEX(Usage!$D$5:$ABF$11,MATCH(UsagePerHour!$B$4,Usage!$C$5:$C$11,0),MATCH(UsagePerHour!F$4,Usage!$D$3:$ABF$3,0)),"") -> 23.838333 | G16: =IFERROR(INDEX(Sales!$D$5:$ABF$18,MATCH(UsagePerHour!$B16,Sales!$C$5:$C$18,0),MATCH(UsagePerHour!G$4,Sales!$D$3:$ABF$3,0))/G$2*INDEX(Usage!$D$5:$ABF$11,MATCH(UsagePerHour!$B$4,Usage!$C$5:$C$11,0),MATCH(UsagePerHour!G$4,Usage!$D$3:$ABF$3,0)),"") -> 33.825315 | H16: =IFERROR(INDEX(Sales!$D$5:$ABF$18,MATCH(UsagePerHour!$B16,Sales!$C$5:$C$18,0),MATCH(UsagePerHour!H$4,Sales!$D$3:$ABF$3,0))/H$2*INDEX(Usage!$D$5:$ABF$11,MATCH(UsagePerHour!$B$4,Usage!$C$5:$C$11,0),MATCH(UsagePerHour!H$4,Usage!$D$3:$ABF$3,0)),"") -> 66.198043 | I16: =IFERROR(INDEX(Sales!$D$5:$ABF$18,MATCH(UsagePerHour!$B16,Sales!$C$5:$C$18,0),MATCH(UsagePerHour!I$4,Sales!$D$3:$ABF$3,0))/I$2*INDEX(Usage!$D$5:$ABF$11,MATCH(UsagePerHour!$B$4,Usage!$C$5:$C$11,0),MATCH(UsagePerHour!I$4,Usage!$D$3:$ABF$3,0)),"") -> 315.89261 | J16: =IFERROR(INDEX(Sales!$D$5:$ABF$18,MATCH(UsagePerHour!$B16,Sales!$C$5:$C$18,0),MATCH(UsagePerHour!J$4,Sales!$D$3:$ABF$3,0))/J$2*INDEX(Usage!$D$5:$ABF$11,MATCH(UsagePerHour!$B$4,Usage!$C$5:$C$11,0),MATCH(UsagePerHour!J$4,Usage!$D$3:$ABF$3,0)),"") -> 70.389096 | ... ABA16: =IFERROR(INDEX(Sales!$D$5:$ABF$18,MATCH(UsagePerHour!$B16,Sales!$C$5:$C$18,0),MATCH(UsagePerHour!ABA$4,Sales!$D$3:$ABF$3,0))/ABA$2*INDEX(Usage!$D$5:$ABF$11,MATCH(UsagePerHour!$B$4,Usage!$C$5:$C$11,0),MATCH(UsagePerHour!ABA$4,Usage!$D$3:$ABF$3,0)),"")
B17: 10 PM - 11 PM | C17: =IFERROR(INDEX(Sales!$D$5:$ABF$18,MATCH(UsagePerHour!$B17,Sales!$C$5:$C$18,0),MATCH(UsagePerHour!C$4,Sales!$D$3:$ABF$3,0))/C$2*INDEX(Usage!$D$5:$ABF$11,MATCH(UsagePerHour!$B$4,Usage!$C$5:$C$11,0),MATCH(UsagePerHour!C$4,Usage!$D$3:$ABF$3,0)),"") -> 10.133667 | D17: =IFERROR(INDEX(Sales!$D$5:$ABF$18,MATCH(UsagePerHour!$B17,Sales!$C$5:$C$18,0),MATCH(UsagePerHour!D$4,Sales!$D$3:$ABF$3,0))/D$2*INDEX(Usage!$D$5:$ABF$11,MATCH(UsagePerHour!$B$4,Usage!$C$5:$C$11,0),MATCH(UsagePerHour!D$4,Usage!$D$3:$ABF$3,0)),"") -> 29.039612 | E17: =IFERROR(INDEX(Sales!$D$5:$ABF$18,MATCH(UsagePerHour!$B17,Sales!$C$5:$C$18,0),MATCH(UsagePerHour!E$4,Sales!$D$3:$ABF$3,0))/E$2*INDEX(Usage!$D$5:$ABF$11,MATCH(UsagePerHour!$B$4,Usage!$C$5:$C$11,0),MATCH(UsagePerHour!E$4,Usage!$D$3:$ABF$3,0)),"") -> 7.1676168 | F17: =IFERROR(INDEX(Sales!$D$5:$ABF$18,MATCH(UsagePerHour!$B17,Sales!$C$5:$C$18,0),MATCH(UsagePerHour!F$4,Sales!$D$3:$ABF$3,0))/F$2*INDEX(Usage!$D$5:$ABF$11,MATCH(UsagePerHour!$B$4,Usage!$C$5:$C$11,0),MATCH(UsagePerHour!F$4,Usage!$D$3:$ABF$3,0)),"") -> 22.982309 | G17: =IFERROR(INDEX(Sales!$D$5:$ABF$18,MATCH(UsagePerHour!$B17,Sales!$C$5:$C$18,0),MATCH(UsagePerHour!G$4,Sales!$D$3:$ABF$3,0))/G$2*INDEX(Usage!$D$5:$ABF$11,MATCH(UsagePerHour!$B$4,Usage!$C$5:$C$11,0),MATCH(UsagePerHour!G$4,Usage!$D$3:$ABF$3,0)),"") -> 61.631961 | H17: =IFERROR(INDEX(Sales!$D$5:$ABF$18,MATCH(UsagePerHour!$B17,Sales!$C$5:$C$18,0),MATCH(UsagePerHour!H$4,Sales!$D$3:$ABF$3,0))/H$2*INDEX(Usage!$D$5:$ABF$11,MATCH(UsagePerHour!$B$4,Usage!$C$5:$C$11,0),MATCH(UsagePerHour!H$4,Usage!$D$3:$ABF$3,0)),"") -> 22.911304 | I17: =IFERROR(INDEX(Sales!$D$5:$ABF$18,MATCH(UsagePerHour!$B17,Sales!$C$5:$C$18,0),MATCH(UsagePerHour!I$4,Sales!$D$3:$ABF$3,0))/I$2*INDEX(Usage!$D$5:$ABF$11,MATCH(UsagePerHour!$B$4,Usage!$C$5:$C$11,0),MATCH(UsagePerHour!I$4,Usage!$D$3:$ABF$3,0)),"") -> 164.80908 | J17: =IFERROR(INDEX(Sales!$D$5:$ABF$18,MATCH(UsagePerHour!$B17,Sales!$C$5:$C$18,0),MATCH(UsagePerHour!J$4,Sales!$D$3:$ABF$3,0))/J$2*INDEX(Usage!$D$5:$ABF$11,MATCH(UsagePerHour!$B$4,Usage!$C$5:$C$11,0),MATCH(UsagePerHour!J$4,Usage!$D$3:$ABF$3,0)),"") -> 10.133667 | ... ABA17: =IFERROR(INDEX(Sales!$D$5:$ABF$18,MATCH(UsagePerHour!$B17,Sales!$C$5:$C$18,0),MATCH(UsagePerHour!ABA$4,Sales!$D$3:$ABF$3,0))/ABA$2*INDEX(Usage!$D$5:$ABF$11,MATCH(UsagePerHour!$B$4,Usage!$C$5:$C$11,0),MATCH(UsagePerHour!ABA$4,Usage!$D$3:$ABF$3,0)),"")
B18: 11 PM - 12 AM | C18: =IFERROR(INDEX(Sales!$D$5:$ABF$18,MATCH(UsagePerHour!$B18,Sales!$C$5:$C$18,0),MATCH(UsagePerHour!C$4,Sales!$D$3:$ABF$3,0))/C$2*INDEX(Usage!$D$5:$ABF$11,MATCH(UsagePerHour!$B$4,Usage!$C$5:$C$11,0),MATCH(UsagePerHour!C$4,Usage!$D$3:$ABF$3,0)),"") -> 0 | D18: =IFERROR(INDEX(Sales!$D$5:$ABF$18,MATCH(UsagePerHour!$B18,Sales!$C$5:$C$18,0),MATCH(UsagePerHour!D$4,Sales!$D$3:$ABF$3,0))/D$2*INDEX(Usage!$D$5:$ABF$11,MATCH(UsagePerHour!$B$4,Usage!$C$5:$C$11,0),MATCH(UsagePerHour!D$4,Usage!$D$3:$ABF$3,0)),"") -> 23.299224 | E18: =IFERROR(INDEX(Sales!$D$5:$ABF$18,MATCH(UsagePerHour!$B18,Sales!$C$5:$C$18,0),MATCH(UsagePerHour!E$4,Sales!$D$3:$ABF$3,0))/E$2*INDEX(Usage!$D$5:$ABF$11,MATCH(UsagePerHour!$B$4,Usage!$C$5:$C$11,0),MATCH(UsagePerHour!E$4,Usage!$D$3:$ABF$3,0)),"") -> 0 | F18: =IFERROR(INDEX(Sales!$D$5:$ABF$18,MATCH(UsagePerHour!$B18,Sales!$C$5:$C$18,0),MATCH(UsagePerHour!F$4,Sales!$D$3:$ABF$3,0))/F$2*INDEX(Usage!$D$5:$ABF$11,MATCH(UsagePerHour!$B$4,Usage!$C$5:$C$11,0),MATCH(UsagePerHour!F$4,Usage!$D$3:$ABF$3,0)),"") -> 6.6720559 | G18: =IFERROR(INDEX(Sales!$D$5:$ABF$18,MATCH(UsagePerHour!$B18,Sales!$C$5:$C$18,0),MATCH(UsagePerHour!G$4,Sales!$D$3:$ABF$3,0))/G$2*INDEX(Usage!$D$5:$ABF$11,MATCH(UsagePerHour!$B$4,Usage!$C$5:$C$11,0),MATCH(UsagePerHour!G$4,Usage!$D$3:$ABF$3,0)),"") -> 0 | H18: =IFERROR(INDEX(Sales!$D$5:$ABF$18,MATCH(UsagePerHour!$B18,Sales!$C$5:$C$18,0),MATCH(UsagePerHour!H$4,Sales!$D$3:$ABF$3,0))/H$2*INDEX(Usage!$D$5:$ABF$11,MATCH(UsagePerHour!$B$4,Usage!$C$5:$C$11,0),MATCH(UsagePerHour!H$4,Usage!$D$3:$ABF$3,0)),"") -> 7.4515877 | I18: =IFERROR(INDEX(Sales!$D$5:$ABF$18,MATCH(UsagePerHour!$B18,Sales!$C$5:$C$18,0),MATCH(UsagePerHour!I$4,Sales!$D$3:$ABF$3,0))/I$2*INDEX(Usage!$D$5:$ABF$11,MATCH(UsagePerHour!$B$4,Usage!$C$5:$C$11,0),MATCH(UsagePerHour!I$4,Usage!$D$3:$ABF$3,0)),"") -> 0 | J18: =IFERROR(INDEX(Sales!$D$5:$ABF$18,MATCH(UsagePerHour!$B18,Sales!$C$5:$C$18,0),MATCH(UsagePerHour!J$4,Sales!$D$3:$ABF$3,0))/J$2*INDEX(Usage!$D$5:$ABF$11,MATCH(UsagePerHour!$B$4,Usage!$C$5:$C$11,0),MATCH(UsagePerHour!J$4,Usage!$D$3:$ABF$3,0)),"") -> 0 | ... ABA18: =IFERROR(INDEX(Sales!$D$5:$ABF$18,MATCH(UsagePerHour!$B18,Sales!$C$5:$C$18,0),MATCH(UsagePerHour!ABA$4,Sales!$D$3:$ABF$3,0))/ABA$2*INDEX(Usage!$D$5:$ABF$11,MATCH(UsagePerHour!$B$4,Usage!$C$5:$C$11,0),MATCH(UsagePerHour!ABA$4,Usage!$D$3:$ABF$3,0)),"")
B20: Chicken Breast Strips | C20: =C4 -> 45658 | D20: =C20+1 -> 45659 | E20: =D20+1 -> 45660 | F20: =E20+1 -> 45661 | G20: =F20+1 -> 45662 | H20: =G20+1 -> 45663 | I20: =H20+1 -> 45664 | J20: =I20+1 -> 45665 | K20: =J20+1 -> 45666 | ... ABA20: =AAZ20+1 -> 46384
B21: pcs | C21: =TEXT(C20,"ddd") -> Wed | D21: =TEXT(D20,"ddd") -> Thu | E21: =TEXT(E20,"ddd") -> Fri | F21: =TEXT(F20,"ddd") -> Sat | G21: =TEXT(G20,"ddd") -> Sun | H21: =TEXT(H20,"ddd") -> Mon | I21: =TEXT(I20,"ddd") -> Tue | J21: =TEXT(J20,"ddd") -> Wed | ... ABA21: =TEXT(ABA20,"ddd") -> Mon
B22: 11 AM - 12 PM | C22: =IFERROR(INDEX(Sales!$D$5:$ABF$18,MATCH(UsagePerHour!$B22,Sales!$C$5:$C$18,0),MATCH(UsagePerHour!C$4,Sales!$D$3:$ABF$3,0))/C$2*INDEX(Usage!$D$5:$ABF$11,MATCH(UsagePerHour!$B$20,Usage!$C$5:$C$11,0),MATCH(UsagePerHour!C$4,Usage!$D$3:$ABF$3,0)),"") -> 4.6257614 | D22: =IFERROR(INDEX(Sales!$D$5:$ABF$18,MATCH(UsagePerHour!$B22,Sales!$C$5:$C$18,0),MATCH(UsagePerHour!D$4,Sales!$D$3:$ABF$3,0))/D$2*INDEX(Usage!$D$5:$ABF$11,MATCH(UsagePerHour!$B$20,Usage!$C$5:$C$11,0),MATCH(UsagePerHour!D$4,Usage!$D$3:$ABF$3,0)),"") -> 1.7367564 | E22: =IFERROR(INDEX(Sales!$D$5:$ABF$18,MATCH(UsagePerHour!$B22,Sales!$C$5:$C$18,0),MATCH(UsagePerHour!E$4,Sales!$D$3:$ABF$3,0))/E$2*INDEX(Usage!$D$5:$ABF$11,MATCH(UsagePerHour!$B$20,Usage!$C$5:$C$11,0),MATCH(UsagePerHour!E$4,Usage!$D$3:$ABF$3,0)),"") -> 3.5548024 | F22: =IFERROR(INDEX(Sales!$D$5:$ABF$18,MATCH(UsagePerHour!$B22,Sales!$C$5:$C$18,0),MATCH(UsagePerHour!F$4,Sales!$D$3:$ABF$3,0))/F$2*INDEX(Usage!$D$5:$ABF$11,MATCH(UsagePerHour!$B$20,Usage!$C$5:$C$11,0),MATCH(UsagePerHour!F$4,Usage!$D$3:$ABF$3,0)),"") -> 1.4606822 | G22: =IFERROR(INDEX(Sales!$D$5:$ABF$18,MATCH(UsagePerHour!$B22,Sales!$C$5:$C$18,0),MATCH(UsagePerHour!G$4,Sales!$D$3:$ABF$3,0))/G$2*INDEX(Usage!$D$5:$ABF$11,MATCH(UsagePerHour!$B$20,Usage!$C$5:$C$11,0),MATCH(UsagePerHour!G$4,Usage!$D$3:$ABF$3,0)),"") -> 26.775415 | H22: =IFERROR(INDEX(Sales!$D$5:$ABF$18,MATCH(UsagePerHour!$B22,Sales!$C$5:$C$18,0),MATCH(UsagePerHour!H$4,Sales!$D$3:$ABF$3,0))/H$2*INDEX(Usage!$D$5:$ABF$11,MATCH(UsagePerHour!$B$20,Usage!$C$5:$C$11,0),MATCH(UsagePerHour!H$4,Usage!$D$3:$ABF$3,0)),"") -> 4.7127558 | I22: =IFERROR(INDEX(Sales!$D$5:$ABF$18,MATCH(UsagePerHour!$B22,Sales!$C$5:$C$18,0),MATCH(UsagePerHour!I$4,Sales!$D$3:$ABF$3,0))/I$2*INDEX(Usage!$D$5:$ABF$11,MATCH(UsagePerHour!$B$20,Usage!$C$5:$C$11,0),MATCH(UsagePerHour!I$4,Usage!$D$3:$ABF$3,0)),"") -> 157.03831 | J22: =IFERROR(INDEX(Sales!$D$5:$ABF$18,MATCH(UsagePerHour!$B22,Sales!$C$5:$C$18,0),MATCH(UsagePerHour!J$4,Sales!$D$3:$ABF$3,0))/J$2*INDEX(Usage!$D$5:$ABF$11,MATCH(UsagePerHour!$B$20,Usage!$C$5:$C$11,0),MATCH(UsagePerHour!J$4,Usage!$D$3:$ABF$3,0)),"") -> 4.6257614 | ... ABA22: =IFERROR(INDEX(Sales!$D$5:$ABF$18,MATCH(UsagePerHour!$B22,Sales!$C$5:$C$18,0),MATCH(UsagePerHour!ABA$4,Sales!$D$3:$ABF$3,0))/ABA$2*INDEX(Usage!$D$5:$ABF$11,MATCH(UsagePerHour!$B$20,Usage!$C$5:$C$11,0),MATCH(UsagePerHour!ABA$4,Usage!$D$3:$ABF$3,0)),"")
B23: 12 PM - 1 PM | C23: =IFERROR(INDEX(Sales!$D$5:$ABF$18,MATCH(UsagePerHour!$B23,Sales!$C$5:$C$18,0),MATCH(UsagePerHour!C$4,Sales!$D$3:$ABF$3,0))/C$2*INDEX(Usage!$D$5:$ABF$11,MATCH(UsagePerHour!$B$20,Usage!$C$5:$C$11,0),MATCH(UsagePerHour!C$4,Usage!$D$3:$ABF$3,0)),"") -> 9.9028186 | D23: =IFERROR(INDEX(Sales!$D$5:$ABF$18,MATCH(UsagePerHour!$B23,Sales!$C$5:$C$18,0),MATCH(UsagePerHour!D$4,Sales!$D$3:$ABF$3,0))/D$2*INDEX(Usage!$D$5:$ABF$11,MATCH(UsagePerHour!$B$20,Usage!$C$5:$C$11,0),MATCH(UsagePerHour!D$4,Usage!$D$3:$ABF$3,0)),"") -> 11.038458 | E23: =IFERROR(INDEX(Sales!$D$5:$ABF$18,MATCH(UsagePerHour!$B23,Sales!$C$5:$C$18,0),MATCH(UsagePerHour!E$4,Sales!$D$3:$ABF$3,0))/E$2*INDEX(Usage!$D$5:$ABF$11,MATCH(UsagePerHour!$B$20,Usage!$C$5:$C$11,0),MATCH(UsagePerHour!E$4,Usage!$D$3:$ABF$3,0)),"") -> 5.5082635 | F23: =IFERROR(INDEX(Sales!$D$5:$ABF$18,MATCH(UsagePerHour!$B23,Sales!$C$5:$C$18,0),MATCH(UsagePerHour!F$4,Sales!$D$3:$ABF$3,0))/F$2*INDEX(Usage!$D$5:$ABF$11,MATCH(UsagePerHour!$B$20,Usage!$C$5:$C$11,0),MATCH(UsagePerHour!F$4,Usage!$D$3:$ABF$3,0)),"") -> 5.1475763 | G23: =IFERROR(INDEX(Sales!$D$5:$ABF$18,MATCH(UsagePerHour!$B23,Sales!$C$5:$C$18,0),MATCH(UsagePerHour!G$4,Sales!$D$3:$ABF$3,0))/G$2*INDEX(Usage!$D$5:$ABF$11,MATCH(UsagePerHour!$B$20,Usage!$C$5:$C$11,0),MATCH(UsagePerHour!G$4,Usage!$D$3:$ABF$3,0)),"") -> 13.372789 | H23: =IFERROR(INDEX(Sales!$D$5:$ABF$18,MATCH(UsagePerHour!$B23,Sales!$C$5:$C$18,0),MATCH(UsagePerHour!H$4,Sales!$D$3:$ABF$3,0))/H$2*INDEX(Usage!$D$5:$ABF$11,MATCH(UsagePerHour!$B$20,Usage!$C$5:$C$11,0),MATCH(UsagePerHour!H$4,Usage!$D$3:$ABF$3,0)),"") -> 7.2618381 | I23: =IFERROR(INDEX(Sales!$D$5:$ABF$18,MATCH(UsagePerHour!$B23,Sales!$C$5:$C$18,0),MATCH(UsagePerHour!I$4,Sales!$D$3:$ABF$3,0))/I$2*INDEX(Usage!$D$5:$ABF$11,MATCH(UsagePerHour!$B$20,Usage!$C$5:$C$11,0),MATCH(UsagePerHour!I$4,Usage!$D$3:$ABF$3,0)),"") -> 107.75266 | J23: =IFERROR(INDEX(Sales!$D$5:$ABF$18,MATCH(UsagePerHour!$B23,Sales!$C$5:$C$18,0),MATCH(UsagePerHour!J$4,Sales!$D$3:$ABF$3,0))/J$2*INDEX(Usage!$D$5:$ABF$11,MATCH(UsagePerHour!$B$20,Usage!$C$5:$C$11,0),MATCH(UsagePerHour!J$4,Usage!$D$3:$ABF$3,0)),"") -> 9.9028186 | ... ABA23: =IFERROR(INDEX(Sales!$D$5:$ABF$18,MATCH(UsagePerHour!$B23,Sales!$C$5:$C$18,0),MATCH(UsagePerHour!ABA$4,Sales!$D$3:$ABF$3,0))/ABA$2*INDEX(Usage!$D$5:$ABF$11,MATCH(UsagePerHour!$B$20,Usage!$C$5:$C$11,0),MATCH(UsagePerHour!ABA$4,Usage!$D$3:$ABF$3,0)),"")
B24: 1 PM - 2 PM | C24: =IFERROR(INDEX(Sales!$D$5:$ABF$18,MATCH(UsagePerHour!$B24,Sales!$C$5:$C$18,0),MATCH(UsagePerHour!C$4,Sales!$D$3:$ABF$3,0))/C$2*INDEX(Usage!$D$5:$ABF$11,MATCH(UsagePerHour!$B$20,Usage!$C$5:$C$11,0),MATCH(UsagePerHour!C$4,Usage!$D$3:$ABF$3,0)),"") -> 30.799953 | D24: =IFERROR(INDEX(Sales!$D$5:$ABF$18,MATCH(UsagePerHour!$B24,Sales!$C$5:$C$18,0),MATCH(UsagePerHour!D$4,Sales!$D$3:$ABF$3,0))/D$2*INDEX(Usage!$D$5:$ABF$11,MATCH(UsagePerHour!$B$20,Usage!$C$5:$C$11,0),MATCH(UsagePerHour!D$4,Usage!$D$3:$ABF$3,0)),"") -> 11.243213 | E24: =IFERROR(INDEX(Sales!$D$5:$ABF$18,MATCH(UsagePerHour!$B24,Sales!$C$5:$C$18,0),MATCH(UsagePerHour!E$4,Sales!$D$3:$ABF$3,0))/E$2*INDEX(Usage!$D$5:$ABF$11,MATCH(UsagePerHour!$B$20,Usage!$C$5:$C$11,0),MATCH(UsagePerHour!E$4,Usage!$D$3:$ABF$3,0)),"") -> 14.727665 | F24: =IFERROR(INDEX(Sales!$D$5:$ABF$18,MATCH(UsagePerHour!$B24,Sales!$C$5:$C$18,0),MATCH(UsagePerHour!F$4,Sales!$D$3:$ABF$3,0))/F$2*INDEX(Usage!$D$5:$ABF$11,MATCH(UsagePerHour!$B$20,Usage!$C$5:$C$11,0),MATCH(UsagePerHour!F$4,Usage!$D$3:$ABF$3,0)),"") -> 8.4797127 | G24: =IFERROR(INDEX(Sales!$D$5:$ABF$18,MATCH(UsagePerHour!$B24,Sales!$C$5:$C$18,0),MATCH(UsagePerHour!G$4,Sales!$D$3:$ABF$3,0))/G$2*INDEX(Usage!$D$5:$ABF$11,MATCH(UsagePerHour!$B$20,Usage!$C$5:$C$11,0),MATCH(UsagePerHour!G$4,Usage!$D$3:$ABF$3,0)),"") -> 8.6585974 | H24: =IFERROR(INDEX(Sales!$D$5:$ABF$18,MATCH(UsagePerHour!$B24,Sales!$C$5:$C$18,0),MATCH(UsagePerHour!H$4,Sales!$D$3:$ABF$3,0))/H$2*INDEX(Usage!$D$5:$ABF$11,MATCH(UsagePerHour!$B$20,Usage!$C$5:$C$11,0),MATCH(UsagePerHour!H$4,Usage!$D$3:$ABF$3,0)),"") -> 14.023495 | I24: =IFERROR(INDEX(Sales!$D$5:$ABF$18,MATCH(UsagePerHour!$B24,Sales!$C$5:$C$18,0),MATCH(UsagePerHour!I$4,Sales!$D$3:$ABF$3,0))/I$2*INDEX(Usage!$D$5:$ABF$11,MATCH(UsagePerHour!$B$20,Usage!$C$5:$C$11,0),MATCH(UsagePerHour!I$4,Usage!$D$3:$ABF$3,0)),"") -> 118.85451 | J24: =IFERROR(INDEX(Sales!$D$5:$ABF$18,MATCH(UsagePerHour!$B24,Sales!$C$5:$C$18,0),MATCH(UsagePerHour!J$4,Sales!$D$3:$ABF$3,0))/J$2*INDEX(Usage!$D$5:$ABF$11,MATCH(UsagePerHour!$B$20,Usage!$C$5:$C$11,0),MATCH(UsagePerHour!J$4,Usage!$D$3:$ABF$3,0)),"") -> 30.799953 | ... ABA24: =IFERROR(INDEX(Sales!$D$5:$ABF$18,MATCH(UsagePerHour!$B24,Sales!$C$5:$C$18,0),MATCH(UsagePerHour!ABA$4,Sales!$D$3:$ABF$3,0))/ABA$2*INDEX(Usage!$D$5:$ABF$11,MATCH(UsagePerHour!$B$20,Usage!$C$5:$C$11,0),MATCH(UsagePerHour!ABA$4,Usage!$D$3:$ABF$3,0)),"")
B25: 2 PM - 3 PM | C25: =IFERROR(INDEX(Sales!$D$5:$ABF$18,MATCH(UsagePerHour!$B25,Sales!$C$5:$C$18,0),MATCH(UsagePerHour!C$4,Sales!$D$3:$ABF$3,0))/C$2*INDEX(Usage!$D$5:$ABF$11,MATCH(UsagePerHour!$B$20,Usage!$C$5:$C$11,0),MATCH(UsagePerHour!C$4,Usage!$D$3:$ABF$3,0)),"") -> 46.619159 | D25: =IFERROR(INDEX(Sales!$D$5:$ABF$18,MATCH(UsagePerHour!$B25,Sales!$C$5:$C$18,0),MATCH(UsagePerHour!D$4,Sales!$D$3:$ABF$3,0))/D$2*INDEX(Usage!$D$5:$ABF$11,MATCH(UsagePerHour!$B$20,Usage!$C$5:$C$11,0),MATCH(UsagePerHour!D$4,Usage!$D$3:$ABF$3,0)),"") -> 22.33286 | E25: =IFERROR(INDEX(Sales!$D$5:$ABF$18,MATCH(UsagePerHour!$B25,Sales!$C$5:$C$18,0),MATCH(UsagePerHour!E$4,Sales!$D$3:$ABF$3,0))/E$2*INDEX(Usage!$D$5:$ABF$11,MATCH(UsagePerHour!$B$20,Usage!$C$5:$C$11,0),MATCH(UsagePerHour!E$4,Usage!$D$3:$ABF$3,0)),"") -> 4.7032096 | F25: =IFERROR(INDEX(Sales!$D$5:$ABF$18,MATCH(UsagePerHour!$B25,Sales!$C$5:$C$18,0),MATCH(UsagePerHour!F$4,Sales!$D$3:$ABF$3,0))/F$2*INDEX(Usage!$D$5:$ABF$11,MATCH(UsagePerHour!$B$20,Usage!$C$5:$C$11,0),MATCH(UsagePerHour!F$4,Usage!$D$3:$ABF$3,0)),"") -> 11.345063 | G25: =IFERROR(INDEX(Sales!$D$5:$ABF$18,MATCH(UsagePerHour!$B25,Sales!$C$5:$C$18,0),MATCH(UsagePerHour!G$4,Sales!$D$3:$ABF$3,0))/G$2*INDEX(Usage!$D$5:$ABF$11,MATCH(UsagePerHour!$B$20,Usage!$C$5:$C$11,0),MATCH(UsagePerHour!G$4,Usage!$D$3:$ABF$3,0)),"") -> 24.289027 | H25: =IFERROR(INDEX(Sales!$D$5:$ABF$18,MATCH(UsagePerHour!$B25,Sales!$C$5:$C$18,0),MATCH(UsagePerHour!H$4,Sales!$D$3:$ABF$3,0))/H$2*INDEX(Usage!$D$5:$ABF$11,MATCH(UsagePerHour!$B$20,Usage!$C$5:$C$11,0),MATCH(UsagePerHour!H$4,Usage!$D$3:$ABF$3,0)),"") -> 15.732329 | I25: =IFERROR(INDEX(Sales!$D$5:$ABF$18,MATCH(UsagePerHour!$B25,Sales!$C$5:$C$18,0),MATCH(UsagePerHour!I$4,Sales!$D$3:$ABF$3,0))/I$2*INDEX(Usage!$D$5:$ABF$11,MATCH(UsagePerHour!$B$20,Usage!$C$5:$C$11,0),MATCH(UsagePerHour!I$4,Usage!$D$3:$ABF$3,0)),"") -> 125.86377 | J25: =IFERROR(INDEX(Sales!$D$5:$ABF$18,MATCH(UsagePerHour!$B25,Sales!$C$5:$C$18,0),MATCH(UsagePerHour!J$4,Sales!$D$3:$ABF$3,0))/J$2*INDEX(Usage!$D$5:$ABF$11,MATCH(UsagePerHour!$B$20,Usage!$C$5:$C$11,0),MATCH(UsagePerHour!J$4,Usage!$D$3:$ABF$3,0)),"") -> 46.619159 | ... ABA25: =IFERROR(INDEX(Sales!$D$5:$ABF$18,MATCH(UsagePerHour!$B25,Sales!$C$5:$C$18,0),MATCH(UsagePerHour!ABA$4,Sales!$D$3:$ABF$3,0))/ABA$2*INDEX(Usage!$D$5:$ABF$11,MATCH(UsagePerHour!$B$20,Usage!$C$5:$C$11,0),MATCH(UsagePerHour!ABA$4,Usage!$D$3:$ABF$3,0)),"")
B26: 3 PM - 4 PM | C26: =IFERROR(INDEX(Sales!$D$5:$ABF$18,MATCH(UsagePerHour!$B26,Sales!$C$5:$C$18,0),MATCH(UsagePerHour!C$4,Sales!$D$3:$ABF$3,0))/C$2*INDEX(Usage!$D$5:$ABF$11,MATCH(UsagePerHour!$B$20,Usage!$C$5:$C$11,0),MATCH(UsagePerHour!C$4,Usage!$D$3:$ABF$3,0)),"") -> 21.403212 | D26: =IFERROR(INDEX(Sales!$D$5:$ABF$18,MATCH(UsagePerHour!$B26,Sales!$C$5:$C$18,0),MATCH(UsagePerHour!D$4,Sales!$D$3:$ABF$3,0))/D$2*INDEX(Usage!$D$5:$ABF$11,MATCH(UsagePerHour!$B$20,Usage!$C$5:$C$11,0),MATCH(UsagePerHour!D$4,Usage!$D$3:$ABF$3,0)),"") -> 21.208538 | E26: =IFERROR(INDEX(Sales!$D$5:$ABF$18,MATCH(UsagePerHour!$B26,Sales!$C$5:$C$18,0),MATCH(UsagePerHour!E$4,Sales!$D$3:$ABF$3,0))/E$2*INDEX(Usage!$D$5:$ABF$11,MATCH(UsagePerHour!$B$20,Usage!$C$5:$C$11,0),MATCH(UsagePerHour!E$4,Usage!$D$3:$ABF$3,0)),"") -> 6.9459641 | F26: =IFERROR(INDEX(Sales!$D$5:$ABF$18,MATCH(UsagePerHour!$B26,Sales!$C$5:$C$18,0),MATCH(UsagePerHour!F$4,Sales!$D$3:$ABF$3,0))/F$2*INDEX(Usage!$D$5:$ABF$11,MATCH(UsagePerHour!$B$20,Usage!$C$5:$C$11,0),MATCH(UsagePerHour!F$4,Usage!$D$3:$ABF$3,0)),"") -> 10.644165 | G26: =IFERROR(INDEX(Sales!$D$5:$ABF$18,MATCH(UsagePerHour!$B26,Sales!$C$5:$C$18,0),MATCH(UsagePerHour!G$4,Sales!$D$3:$ABF$3,0))/G$2*INDEX(Usage!$D$5:$ABF$11,MATCH(UsagePerHour!$B$20,Usage!$C$5:$C$11,0),MATCH(UsagePerHour!G$4,Usage!$D$3:$ABF$3,0)),"") -> 29.387117 | H26: =IFERROR(INDEX(Sales!$D$5:$ABF$18,MATCH(UsagePerHour!$B26,Sales!$C$5:$C$18,0),MATCH(UsagePerHour!H$4,Sales!$D$3:$ABF$3,0))/H$2*INDEX(Usage!$D$5:$ABF$11,MATCH(UsagePerHour!$B$20,Usage!$C$5:$C$11,0),MATCH(UsagePerHour!H$4,Usage!$D$3:$ABF$3,0)),"") -> 20.734142 | I26: =IFERROR(INDEX(Sales!$D$5:$ABF$18,MATCH(UsagePerHour!$B26,Sales!$C$5:$C$18,0),MATCH(UsagePerHour!I$4,Sales!$D$3:$ABF$3,0))/I$2*INDEX(Usage!$D$5:$ABF$11,MATCH(UsagePerHour!$B$20,Usage!$C$5:$C$11,0),MATCH(UsagePerHour!I$4,Usage!$D$3:$ABF$3,0)),"") -> 184.43348 | J26: =IFERROR(INDEX(Sales!$D$5:$ABF$18,MATCH(UsagePerHour!$B26,Sales!$C$5:$C$18,0),MATCH(UsagePerHour!J$4,Sales!$D$3:$ABF$3,0))/J$2*INDEX(Usage!$D$5:$ABF$11,MATCH(UsagePerHour!$B$20,Usage!$C$5:$C$11,0),MATCH(UsagePerHour!J$4,Usage!$D$3:$ABF$3,0)),"") -> 21.403212 | ... ABA26: =IFERROR(INDEX(Sales!$D$5:$ABF$18,MATCH(UsagePerHour!$B26,Sales!$C$5:$C$18,0),MATCH(UsagePerHour!ABA$4,Sales!$D$3:$ABF$3,0))/ABA$2*INDEX(Usage!$D$5:$ABF$11,MATCH(UsagePerHour!$B$20,Usage!$C$5:$C$11,0),MATCH(UsagePerHour!ABA$4,Usage!$D$3:$ABF$3,0)),"")
B27: 4 PM - 5 PM | C27: =IFERROR(INDEX(Sales!$D$5:$ABF$18,MATCH(UsagePerHour!$B27,Sales!$C$5:$C$18,0),MATCH(UsagePerHour!C$4,Sales!$D$3:$ABF$3,0))/C$2*INDEX(Usage!$D$5:$ABF$11,MATCH(UsagePerHour!$B$20,Usage!$C$5:$C$11,0),MATCH(UsagePerHour!C$4,Usage!$D$3:$ABF$3,0)),"") -> 24.143749 | D27: =IFERROR(INDEX(Sales!$D$5:$ABF$18,MATCH(UsagePerHour!$B27,Sales!$C$5:$C$18,0),MATCH(UsagePerHour!D$4,Sales!$D$3:$ABF$3,0))/D$2*INDEX(Usage!$D$5:$ABF$11,MATCH(UsagePerHour!$B$20,Usage!$C$5:$C$11,0),MATCH(UsagePerHour!D$4,Usage!$D$3:$ABF$3,0)),"") -> 12.37119 | E27: =IFERROR(INDEX(Sales!$D$5:$ABF$18,MATCH(UsagePerHour!$B27,Sales!$C$5:$C$18,0),MATCH(UsagePerHour!E$4,Sales!$D$3:$ABF$3,0))/E$2*INDEX(Usage!$D$5:$ABF$11,MATCH(UsagePerHour!$B$20,Usage!$C$5:$C$11,0),MATCH(UsagePerHour!E$4,Usage!$D$3:$ABF$3,0)),"") -> 22.459689 | F27: =IFERROR(INDEX(Sales!$D$5:$ABF$18,MATCH(UsagePerHour!$B27,Sales!$C$5:$C$18,0),MATCH(UsagePerHour!F$4,Sales!$D$3:$ABF$3,0))/F$2*INDEX(Usage!$D$5:$ABF$11,MATCH(UsagePerHour!$B$20,Usage!$C$5:$C$11,0),MATCH(UsagePerHour!F$4,Usage!$D$3:$ABF$3,0)),"") -> 9.2466786 | G27: =IFERROR(INDEX(Sales!$D$5:$ABF$18,MATCH(UsagePerHour!$B27,Sales!$C$5:$C$18,0),MATCH(UsagePerHour!G$4,Sales!$D$3:$ABF$3,0))/G$2*INDEX(Usage!$D$5:$ABF$11,MATCH(UsagePerHour!$B$20,Usage!$C$5:$C$11,0),MATCH(UsagePerHour!G$4,Usage!$D$3:$ABF$3,0)),"") -> 26.62822 | H27: =IFERROR(INDEX(Sales!$D$5:$ABF$18,MATCH(UsagePerHour!$B27,Sales!$C$5:$C$18,0),MATCH(UsagePerHour!H$4,Sales!$D$3:$ABF$3,0))/H$2*INDEX(Usage!$D$5:$ABF$11,MATCH(UsagePerHour!$B$20,Usage!$C$5:$C$11,0),MATCH(UsagePerHour!H$4,Usage!$D$3:$ABF$3,0)),"") -> 20.759647 | I27: =IFERROR(INDEX(Sales!$D$5:$ABF$18,MATCH(UsagePerHour!$B27,Sales!$C$5:$C$18,0),MATCH(UsagePerHour!I$4,Sales!$D$3:$ABF$3,0))/I$2*INDEX(Usage!$D$5:$ABF$11,MATCH(UsagePerHour!$B$20,Usage!$C$5:$C$11,0),MATCH(UsagePerHour!I$4,Usage!$D$3:$ABF$3,0)),"") -> 348.4297 | J27: =IFERROR(INDEX(Sales!$D$5:$ABF$18,MATCH(UsagePerHour!$B27,Sales!$C$5:$C$18,0),MATCH(UsagePerHour!J$4,Sales!$D$3:$ABF$3,0))/J$2*INDEX(Usage!$D$5:$ABF$11,MATCH(UsagePerHour!$B$20,Usage!$C$5:$C$11,0),MATCH(UsagePerHour!J$4,Usage!$D$3:$ABF$3,0)),"") -> 24.143749 | ... ABA27: =IFERROR(INDEX(Sales!$D$5:$ABF$18,MATCH(UsagePerHour!$B27,Sales!$C$5:$C$18,0),MATCH(UsagePerHour!ABA$4,Sales!$D$3:$ABF$3,0))/ABA$2*INDEX(Usage!$D$5:$ABF$11,MATCH(UsagePerHour!$B$20,Usage!$C$5:$C$11,0),MATCH(UsagePerHour!ABA$4,Usage!$D$3:$ABF$3,0)),"")
B28: 5 PM - 6 PM | C28: =IFERROR(INDEX(Sales!$D$5:$ABF$18,MATCH(UsagePerHour!$B28,Sales!$C$5:$C$18,0),MATCH(UsagePerHour!C$4,Sales!$D$3:$ABF$3,0))/C$2*INDEX(Usage!$D$5:$ABF$11,MATCH(UsagePerHour!$B$20,Usage!$C$5:$C$11,0),MATCH(UsagePerHour!C$4,Usage!$D$3:$ABF$3,0)),"") -> 13.990036 | D28: =IFERROR(INDEX(Sales!$D$5:$ABF$18,MATCH(UsagePerHour!$B28,Sales!$C$5:$C$18,0),MATCH(UsagePerHour!D$4,Sales!$D$3:$ABF$3,0))/D$2*INDEX(Usage!$D$5:$ABF$11,MATCH(UsagePerHour!$B$20,Usage!$C$5:$C$11,0),MATCH(UsagePerHour!D$4,Usage!$D$3:$ABF$3,0)),"") -> 18.33832 | E28: =IFERROR(INDEX(Sales!$D$5:$ABF$18,MATCH(UsagePerHour!$B28,Sales!$C$5:$C$18,0),MATCH(UsagePerHour!E$4,Sales!$D$3:$ABF$3,0))/E$2*INDEX(Usage!$D$5:$ABF$11,MATCH(UsagePerHour!$B$20,Usage!$C$5:$C$11,0),MATCH(UsagePerHour!E$4,Usage!$D$3:$ABF$3,0)),"") -> 31.794515 | F28: =IFERROR(INDEX(Sales!$D$5:$ABF$18,MATCH(UsagePerHour!$B28,Sales!$C$5:$C$18,0),MATCH(UsagePerHour!F$4,Sales!$D$3:$ABF$3,0))/F$2*INDEX(Usage!$D$5:$ABF$11,MATCH(UsagePerHour!$B$20,Usage!$C$5:$C$11,0),MATCH(UsagePerHour!F$4,Usage!$D$3:$ABF$3,0)),"") -> 14.714542 | G28: =IFERROR(INDEX(Sales!$D$5:$ABF$18,MATCH(UsagePerHour!$B28,Sales!$C$5:$C$18,0),MATCH(UsagePerHour!G$4,Sales!$D$3:$ABF$3,0))/G$2*INDEX(Usage!$D$5:$ABF$11,MATCH(UsagePerHour!$B$20,Usage!$C$5:$C$11,0),MATCH(UsagePerHour!G$4,Usage!$D$3:$ABF$3,0)),"") -> 27.939044 | H28: =IFERROR(INDEX(Sales!$D$5:$ABF$18,MATCH(UsagePerHour!$B28,Sales!$C$5:$C$18,0),MATCH(UsagePerHour!H$4,Sales!$D$3:$ABF$3,0))/H$2*INDEX(Usage!$D$5:$ABF$11,MATCH(UsagePerHour!$B$20,Usage!$C$5:$C$11,0),MATCH(UsagePerHour!H$4,Usage!$D$3:$ABF$3,0)),"") -> 17.533265 | I28: =IFERROR(INDEX(Sales!$D$5:$ABF$18,MATCH(UsagePerHour!$B28,Sales!$C$5:$C$18,0),MATCH(UsagePerHour!I$4,Sales!$D$3:$ABF$3,0))/I$2*INDEX(Usage!$D$5:$ABF$11,MATCH(UsagePerHour!$B$20,Usage!$C$5:$C$11,0),MATCH(UsagePerHour!I$4,Usage!$D$3:$ABF$3,0)),"") -> 363.30577 | J28: =IFERROR(INDEX(Sales!$D$5:$ABF$18,MATCH(UsagePerHour!$B28,Sales!$C$5:$C$18,0),MATCH(UsagePerHour!J$4,Sales!$D$3:$ABF$3,0))/J$2*INDEX(Usage!$D$5:$ABF$11,MATCH(UsagePerHour!$B$20,Usage!$C$5:$C$11,0),MATCH(UsagePerHour!J$4,Usage!$D$3:$ABF$3,0)),"") -> 13.990036 | ... ABA28: =IFERROR(INDEX(Sales!$D$5:$ABF$18,MATCH(UsagePerHour!$B28,Sales!$C$5:$C$18,0),MATCH(UsagePerHour!ABA$4,Sales!$D$3:$ABF$3,0))/ABA$2*INDEX(Usage!$D$5:$ABF$11,MATCH(UsagePerHour!$B$20,Usage!$C$5:$C$11,0),MATCH(UsagePerHour!ABA$4,Usage!$D$3:$ABF$3,0)),"")
B29: 6 PM - 7 PM | C29: =IFERROR(INDEX(Sales!$D$5:$ABF$18,MATCH(UsagePerHour!$B29,Sales!$C$5:$C$18,0),MATCH(UsagePerHour!C$4,Sales!$D$3:$ABF$3,0))/C$2*INDEX(Usage!$D$5:$ABF$11,MATCH(UsagePerHour!$B$20,Usage!$C$5:$C$11,0),MATCH(UsagePerHour!C$4,Usage!$D$3:$ABF$3,0)),"") -> 70.36834 | D29: =IFERROR(INDEX(Sales!$D$5:$ABF$18,MATCH(UsagePerHour!$B29,Sales!$C$5:$C$18,0),MATCH(UsagePerHour!D$4,Sales!$D$3:$ABF$3,0))/D$2*INDEX(Usage!$D$5:$ABF$11,MATCH(UsagePerHour!$B$20,Usage!$C$5:$C$11,0),MATCH(UsagePerHour!D$4,Usage!$D$3:$ABF$3,0)),"") -> 25.636353 | E29: =IFERROR(INDEX(Sales!$D$5:$ABF$18,MATCH(UsagePerHour!$B29,Sales!$C$5:$C$18,0),MATCH(UsagePerHour!E$4,Sales!$D$3:$ABF$3,0))/E$2*INDEX(Usage!$D$5:$ABF$11,MATCH(UsagePerHour!$B$20,Usage!$C$5:$C$11,0),MATCH(UsagePerHour!E$4,Usage!$D$3:$ABF$3,0)),"") -> 46.063401 | F29: =IFERROR(INDEX(Sales!$D$5:$ABF$18,MATCH(UsagePerHour!$B29,Sales!$C$5:$C$18,0),MATCH(UsagePerHour!F$4,Sales!$D$3:$ABF$3,0))/F$2*INDEX(Usage!$D$5:$ABF$11,MATCH(UsagePerHour!$B$20,Usage!$C$5:$C$11,0),MATCH(UsagePerHour!F$4,Usage!$D$3:$ABF$3,0)),"") -> 18.005027 | G29: =IFERROR(INDEX(Sales!$D$5:$ABF$18,MATCH(UsagePerHour!$B29,Sales!$C$5:$C$18,0),MATCH(UsagePerHour!G$4,Sales!$D$3:$ABF$3,0))/G$2*INDEX(Usage!$D$5:$ABF$11,MATCH(UsagePerHour!$B$20,Usage!$C$5:$C$11,0),MATCH(UsagePerHour!G$4,Usage!$D$3:$ABF$3,0)),"") -> 36.929823 | H29: =IFERROR(INDEX(Sales!$D$5:$ABF$18,MATCH(UsagePerHour!$B29,Sales!$C$5:$C$18,0),MATCH(UsagePerHour!H$4,Sales!$D$3:$ABF$3,0))/H$2*INDEX(Usage!$D$5:$ABF$11,MATCH(UsagePerHour!$B$20,Usage!$C$5:$C$11,0),MATCH(UsagePerHour!H$4,Usage!$D$3:$ABF$3,0)),"") -> 27.311596 | I29: =IFERROR(INDEX(Sales!$D$5:$ABF$18,MATCH(UsagePerHour!$B29,Sales!$C$5:$C$18,0),MATCH(UsagePerHour!I$4,Sales!$D$3:$ABF$3,0))/I$2*INDEX(Usage!$D$5:$ABF$11,MATCH(UsagePerHour!$B$20,Usage!$C$5:$C$11,0),MATCH(UsagePerHour!I$4,Usage!$D$3:$ABF$3,0)),"") -> 422.42493 | J29: =IFERROR(INDEX(Sales!$D$5:$ABF$18,MATCH(UsagePerHour!$B29,Sales!$C$5:$C$18,0),MATCH(UsagePerHour!J$4,Sales!$D$3:$ABF$3,0))/J$2*INDEX(Usage!$D$5:$ABF$11,MATCH(UsagePerHour!$B$20,Usage!$C$5:$C$11,0),MATCH(UsagePerHour!J$4,Usage!$D$3:$ABF$3,0)),"") -> 70.36834 | ... ABA29: =IFERROR(INDEX(Sales!$D$5:$ABF$18,MATCH(UsagePerHour!$B29,Sales!$C$5:$C$18,0),MATCH(UsagePerHour!ABA$4,Sales!$D$3:$ABF$3,0))/ABA$2*INDEX(Usage!$D$5:$ABF$11,MATCH(UsagePerHour!$B$20,Usage!$C$5:$C$11,0),MATCH(UsagePerHour!ABA$4,Usage!$D$3:$ABF$3,0)),"")
B30: 7 PM - 8 PM | C30: =IFERROR(INDEX(Sales!$D$5:$ABF$18,MATCH(UsagePerHour!$B30,Sales!$C$5:$C$18,0),MATCH(UsagePerHour!C$4,Sales!$D$3:$ABF$3,0))/C$2*INDEX(Usage!$D$5:$ABF$11,MATCH(UsagePerHour!$B$20,Usage!$C$5:$C$11,0),MATCH(UsagePerHour!C$4,Usage!$D$3:$ABF$3,0)),"") -> 49.276065 | D30: =IFERROR(INDEX(Sales!$D$5:$ABF$18,MATCH(UsagePerHour!$B30,Sales!$C$5:$C$18,0),MATCH(UsagePerHour!D$4,Sales!$D$3:$ABF$3,0))/D$2*INDEX(Usage!$D$5:$ABF$11,MATCH(UsagePerHour!$B$20,Usage!$C$5:$C$11,0),MATCH(UsagePerHour!D$4,Usage!$D$3:$ABF$3,0)),"") -> 34.23604 | E30: =IFERROR(INDEX(Sales!$D$5:$ABF$18,MATCH(UsagePerHour!$B30,Sales!$C$5:$C$18,0),MATCH(UsagePerHour!E$4,Sales!$D$3:$ABF$3,0))/E$2*INDEX(Usage!$D$5:$ABF$11,MATCH(UsagePerHour!$B$20,Usage!$C$5:$C$11,0),MATCH(UsagePerHour!E$4,Usage!$D$3:$ABF$3,0)),"") -> 21.152024 | F30: =IFERROR(INDEX(Sales!$D$5:$ABF$18,MATCH(UsagePerHour!$B30,Sales!$C$5:$C$18,0),MATCH(UsagePerHour!F$4,Sales!$D$3:$ABF$3,0))/F$2*INDEX(Usage!$D$5:$ABF$11,MATCH(UsagePerHour!$B$20,Usage!$C$5:$C$11,0),MATCH(UsagePerHour!F$4,Usage!$D$3:$ABF$3,0)),"") -> 29.067145 | G30: =IFERROR(INDEX(Sales!$D$5:$ABF$18,MATCH(UsagePerHour!$B30,Sales!$C$5:$C$18,0),MATCH(UsagePerHour!G$4,Sales!$D$3:$ABF$3,0))/G$2*INDEX(Usage!$D$5:$ABF$11,MATCH(UsagePerHour!$B$20,Usage!$C$5:$C$11,0),MATCH(UsagePerHour!G$4,Usage!$D$3:$ABF$3,0)),"") -> 32.344924 | H30: =IFERROR(INDEX(Sales!$D$5:$ABF$18,MATCH(UsagePerHour!$B30,Sales!$C$5:$C$18,0),MATCH(UsagePerHour!H$4,Sales!$D$3:$ABF$3,0))/H$2*INDEX(Usage!$D$5:$ABF$11,MATCH(UsagePerHour!$B$20,Usage!$C$5:$C$11,0),MATCH(UsagePerHour!H$4,Usage!$D$3:$ABF$3,0)),"") -> 28.599598 | I30: =IFERROR(INDEX(Sales!$D$5:$ABF$18,MATCH(UsagePerHour!$B30,Sales!$C$5:$C$18,0),MATCH(UsagePerHour!I$4,Sales!$D$3:$ABF$3,0))/I$2*INDEX(Usage!$D$5:$ABF$11,MATCH(UsagePerHour!$B$20,Usage!$C$5:$C$11,0),MATCH(UsagePerHour!I$4,Usage!$D$3:$ABF$3,0)),"") -> 530.7373 | J30: =IFERROR(INDEX(Sales!$D$5:$ABF$18,MATCH(UsagePerHour!$B30,Sales!$C$5:$C$18,0),MATCH(UsagePerHour!J$4,Sales!$D$3:$ABF$3,0))/J$2*INDEX(Usage!$D$5:$ABF$11,MATCH(UsagePerHour!$B$20,Usage!$C$5:$C$11,0),MATCH(UsagePerHour!J$4,Usage!$D$3:$ABF$3,0)),"") -> 49.276065 | ... ABA30: =IFERROR(INDEX(Sales!$D$5:$ABF$18,MATCH(UsagePerHour!$B30,Sales!$C$5:$C$18,0),MATCH(UsagePerHour!ABA$4,Sales!$D$3:$ABF$3,0))/ABA$2*INDEX(Usage!$D$5:$ABF$11,MATCH(UsagePerHour!$B$20,Usage!$C$5:$C$11,0),MATCH(UsagePerHour!ABA$4,Usage!$D$3:$ABF$3,0)),"")
B31: 8 PM - 9 PM | C31: =IFERROR(INDEX(Sales!$D$5:$ABF$18,MATCH(UsagePerHour!$B31,Sales!$C$5:$C$18,0),MATCH(UsagePerHour!C$4,Sales!$D$3:$ABF$3,0))/C$2*INDEX(Usage!$D$5:$ABF$11,MATCH(UsagePerHour!$B$20,Usage!$C$5:$C$11,0),MATCH(UsagePerHour!C$4,Usage!$D$3:$ABF$3,0)),"") -> 28.318887 | D31: =IFERROR(INDEX(Sales!$D$5:$ABF$18,MATCH(UsagePerHour!$B31,Sales!$C$5:$C$18,0),MATCH(UsagePerHour!D$4,Sales!$D$3:$ABF$3,0))/D$2*INDEX(Usage!$D$5:$ABF$11,MATCH(UsagePerHour!$B$20,Usage!$C$5:$C$11,0),MATCH(UsagePerHour!D$4,Usage!$D$3:$ABF$3,0)),"") -> 61.192328 | E31: =IFERROR(INDEX(Sales!$D$5:$ABF$18,MATCH(UsagePerHour!$B31,Sales!$C$5:$C$18,0),MATCH(UsagePerHour!E$4,Sales!$D$3:$ABF$3,0))/E$2*INDEX(Usage!$D$5:$ABF$11,MATCH(UsagePerHour!$B$20,Usage!$C$5:$C$11,0),MATCH(UsagePerHour!E$4,Usage!$D$3:$ABF$3,0)),"") -> 11.931162 | F31: =IFERROR(INDEX(Sales!$D$5:$ABF$18,MATCH(UsagePerHour!$B31,Sales!$C$5:$C$18,0),MATCH(UsagePerHour!F$4,Sales!$D$3:$ABF$3,0))/F$2*INDEX(Usage!$D$5:$ABF$11,MATCH(UsagePerHour!$B$20,Usage!$C$5:$C$11,0),MATCH(UsagePerHour!F$4,Usage!$D$3:$ABF$3,0)),"") -> 18.079713 | G31: =IFERROR(INDEX(Sales!$D$5:$ABF$18,MATCH(UsagePerHour!$B31,Sales!$C$5:$C$18,0),MATCH(UsagePerHour!G$4,Sales!$D$3:$ABF$3,0))/G$2*INDEX(Usage!$D$5:$ABF$11,MATCH(UsagePerHour!$B$20,Usage!$C$5:$C$11,0),MATCH(UsagePerHour!G$4,Usage!$D$3:$ABF$3,0)),"") -> 42.330258 | H31: =IFERROR(INDEX(Sales!$D$5:$ABF$18,MATCH(UsagePerHour!$B31,Sales!$C$5:$C$18,0),MATCH(UsagePerHour!H$4,Sales!$D$3:$ABF$3,0))/H$2*INDEX(Usage!$D$5:$ABF$11,MATCH(UsagePerHour!$B$20,Usage!$C$5:$C$11,0),MATCH(UsagePerHour!H$4,Usage!$D$3:$ABF$3,0)),"") -> 42.574917 | I31: =IFERROR(INDEX(Sales!$D$5:$ABF$18,MATCH(UsagePerHour!$B31,Sales!$C$5:$C$18,0),MATCH(UsagePerHour!I$4,Sales!$D$3:$ABF$3,0))/I$2*INDEX(Usage!$D$5:$ABF$11,MATCH(UsagePerHour!$B$20,Usage!$C$5:$C$11,0),MATCH(UsagePerHour!I$4,Usage!$D$3:$ABF$3,0)),"") -> 330.0413 | J31: =IFERROR(INDEX(Sales!$D$5:$ABF$18,MATCH(UsagePerHour!$B31,Sales!$C$5:$C$18,0),MATCH(UsagePerHour!J$4,Sales!$D$3:$ABF$3,0))/J$2*INDEX(Usage!$D$5:$ABF$11,MATCH(UsagePerHour!$B$20,Usage!$C$5:$C$11,0),MATCH(UsagePerHour!J$4,Usage!$D$3:$ABF$3,0)),"") -> 28.318887 | ... ABA31: =IFERROR(INDEX(Sales!$D$5:$ABF$18,MATCH(UsagePerHour!$B31,Sales!$C$5:$C$18,0),MATCH(UsagePerHour!ABA$4,Sales!$D$3:$ABF$3,0))/ABA$2*INDEX(Usage!$D$5:$ABF$11,MATCH(UsagePerHour!$B$20,Usage!$C$5:$C$11,0),MATCH(UsagePerHour!ABA$4,Usage!$D$3:$ABF$3,0)),"")
B32: 9 PM - 10 PM | C32: =IFERROR(INDEX(Sales!$D$5:$ABF$18,MATCH(UsagePerHour!$B32,Sales!$C$5:$C$18,0),MATCH(UsagePerHour!C$4,Sales!$D$3:$ABF$3,0))/C$2*INDEX(Usage!$D$5:$ABF$11,MATCH(UsagePerHour!$B$20,Usage!$C$5:$C$11,0),MATCH(UsagePerHour!C$4,Usage!$D$3:$ABF$3,0)),"") -> 54.679942 | D32: =IFERROR(INDEX(Sales!$D$5:$ABF$18,MATCH(UsagePerHour!$B32,Sales!$C$5:$C$18,0),MATCH(UsagePerHour!D$4,Sales!$D$3:$ABF$3,0))/D$2*INDEX(Usage!$D$5:$ABF$11,MATCH(UsagePerHour!$B$20,Usage!$C$5:$C$11,0),MATCH(UsagePerHour!D$4,Usage!$D$3:$ABF$3,0)),"") -> 49.64564 | E32: =IFERROR(INDEX(Sales!$D$5:$ABF$18,MATCH(UsagePerHour!$B32,Sales!$C$5:$C$18,0),MATCH(UsagePerHour!E$4,Sales!$D$3:$ABF$3,0))/E$2*INDEX(Usage!$D$5:$ABF$11,MATCH(UsagePerHour!$B$20,Usage!$C$5:$C$11,0),MATCH(UsagePerHour!E$4,Usage!$D$3:$ABF$3,0)),"") -> 11.380335 | F32: =IFERROR(INDEX(Sales!$D$5:$ABF$18,MATCH(UsagePerHour!$B32,Sales!$C$5:$C$18,0),MATCH(UsagePerHour!F$4,Sales!$D$3:$ABF$3,0))/F$2*INDEX(Usage!$D$5:$ABF$11,MATCH(UsagePerHour!$B$20,Usage!$C$5:$C$11,0),MATCH(UsagePerHour!F$4,Usage!$D$3:$ABF$3,0)),"") -> 9.7192101 | G32: =IFERROR(INDEX(Sales!$D$5:$ABF$18,MATCH(UsagePerHour!$B32,Sales!$C$5:$C$18,0),MATCH(UsagePerHour!G$4,Sales!$D$3:$ABF$3,0))/G$2*INDEX(Usage!$D$5:$ABF$11,MATCH(UsagePerHour!$B$20,Usage!$C$5:$C$11,0),MATCH(UsagePerHour!G$4,Usage!$D$3:$ABF$3,0)),"") -> 23.509295 | H32: =IFERROR(INDEX(Sales!$D$5:$ABF$18,MATCH(UsagePerHour!$B32,Sales!$C$5:$C$18,0),MATCH(UsagePerHour!H$4,Sales!$D$3:$ABF$3,0))/H$2*INDEX(Usage!$D$5:$ABF$11,MATCH(UsagePerHour!$B$20,Usage!$C$5:$C$11,0),MATCH(UsagePerHour!H$4,Usage!$D$3:$ABF$3,0)),"") -> 40.280884 | I32: =IFERROR(INDEX(Sales!$D$5:$ABF$18,MATCH(UsagePerHour!$B32,Sales!$C$5:$C$18,0),MATCH(UsagePerHour!I$4,Sales!$D$3:$ABF$3,0))/I$2*INDEX(Usage!$D$5:$ABF$11,MATCH(UsagePerHour!$B$20,Usage!$C$5:$C$11,0),MATCH(UsagePerHour!I$4,Usage!$D$3:$ABF$3,0)),"") -> 237.30849 | J32: =IFERROR(INDEX(Sales!$D$5:$ABF$18,MATCH(UsagePerHour!$B32,Sales!$C$5:$C$18,0),MATCH(UsagePerHour!J$4,Sales!$D$3:$ABF$3,0))/J$2*INDEX(Usage!$D$5:$ABF$11,MATCH(UsagePerHour!$B$20,Usage!$C$5:$C$11,0),MATCH(UsagePerHour!J$4,Usage!$D$3:$ABF$3,0)),"") -> 54.679942 | ... ABA32: =IFERROR(INDEX(Sales!$D$5:$ABF$18,MATCH(UsagePerHour!$B32,Sales!$C$5:$C$18,0),MATCH(UsagePerHour!ABA$4,Sales!$D$3:$ABF$3,0))/ABA$2*INDEX(Usage!$D$5:$ABF$11,MATCH(UsagePerHour!$B$20,Usage!$C$5:$C$11,0),MATCH(UsagePerHour!ABA$4,Usage!$D$3:$ABF$3,0)),"")
B33: 10 PM - 11 PM | C33: =IFERROR(INDEX(Sales!$D$5:$ABF$18,MATCH(UsagePerHour!$B33,Sales!$C$5:$C$18,0),MATCH(UsagePerHour!C$4,Sales!$D$3:$ABF$3,0))/C$2*INDEX(Usage!$D$5:$ABF$11,MATCH(UsagePerHour!$B$20,Usage!$C$5:$C$11,0),MATCH(UsagePerHour!C$4,Usage!$D$3:$ABF$3,0)),"") -> 7.872076 | D33: =IFERROR(INDEX(Sales!$D$5:$ABF$18,MATCH(UsagePerHour!$B33,Sales!$C$5:$C$18,0),MATCH(UsagePerHour!D$4,Sales!$D$3:$ABF$3,0))/D$2*INDEX(Usage!$D$5:$ABF$11,MATCH(UsagePerHour!$B$20,Usage!$C$5:$C$11,0),MATCH(UsagePerHour!D$4,Usage!$D$3:$ABF$3,0)),"") -> 17.766104 | E33: =IFERROR(INDEX(Sales!$D$5:$ABF$18,MATCH(UsagePerHour!$B33,Sales!$C$5:$C$18,0),MATCH(UsagePerHour!E$4,Sales!$D$3:$ABF$3,0))/E$2*INDEX(Usage!$D$5:$ABF$11,MATCH(UsagePerHour!$B$20,Usage!$C$5:$C$11,0),MATCH(UsagePerHour!E$4,Usage!$D$3:$ABF$3,0)),"") -> 2.7789701 | F33: =IFERROR(INDEX(Sales!$D$5:$ABF$18,MATCH(UsagePerHour!$B33,Sales!$C$5:$C$18,0),MATCH(UsagePerHour!F$4,Sales!$D$3:$ABF$3,0))/F$2*INDEX(Usage!$D$5:$ABF$11,MATCH(UsagePerHour!$B$20,Usage!$C$5:$C$11,0),MATCH(UsagePerHour!F$4,Usage!$D$3:$ABF$3,0)),"") -> 9.3701975 | G33: =IFERROR(INDEX(Sales!$D$5:$ABF$18,MATCH(UsagePerHour!$B33,Sales!$C$5:$C$18,0),MATCH(UsagePerHour!G$4,Sales!$D$3:$ABF$3,0))/G$2*INDEX(Usage!$D$5:$ABF$11,MATCH(UsagePerHour!$B$20,Usage!$C$5:$C$11,0),MATCH(UsagePerHour!G$4,Usage!$D$3:$ABF$3,0)),"") -> 42.835492 | H33: =IFERROR(INDEX(Sales!$D$5:$ABF$18,MATCH(UsagePerHour!$B33,Sales!$C$5:$C$18,0),MATCH(UsagePerHour!H$4,Sales!$D$3:$ABF$3,0))/H$2*INDEX(Usage!$D$5:$ABF$11,MATCH(UsagePerHour!$B$20,Usage!$C$5:$C$11,0),MATCH(UsagePerHour!H$4,Usage!$D$3:$ABF$3,0)),"") -> 13.941312 | I33: =IFERROR(INDEX(Sales!$D$5:$ABF$18,MATCH(UsagePerHour!$B33,Sales!$C$5:$C$18,0),MATCH(UsagePerHour!I$4,Sales!$D$3:$ABF$3,0))/I$2*INDEX(Usage!$D$5:$ABF$11,MATCH(UsagePerHour!$B$20,Usage!$C$5:$C$11,0),MATCH(UsagePerHour!I$4,Usage!$D$3:$ABF$3,0)),"") -> 123.80978 | J33: =IFERROR(INDEX(Sales!$D$5:$ABF$18,MATCH(UsagePerHour!$B33,Sales!$C$5:$C$18,0),MATCH(UsagePerHour!J$4,Sales!$D$3:$ABF$3,0))/J$2*INDEX(Usage!$D$5:$ABF$11,MATCH(UsagePerHour!$B$20,Usage!$C$5:$C$11,0),MATCH(UsagePerHour!J$4,Usage!$D$3:$ABF$3,0)),"") -> 7.872076 | ... ABA33: =IFERROR(INDEX(Sales!$D$5:$ABF$18,MATCH(UsagePerHour!$B33,Sales!$C$5:$C$18,0),MATCH(UsagePerHour!ABA$4,Sales!$D$3:$ABF$3,0))/ABA$2*INDEX(Usage!$D$5:$ABF$11,MATCH(UsagePerHour!$B$20,Usage!$C$5:$C$11,0),MATCH(UsagePerHour!ABA$4,Usage!$D$3:$ABF$3,0)),"")
B34: 11 PM - 12 AM | C34: =IFERROR(INDEX(Sales!$D$5:$ABF$18,MATCH(UsagePerHour!$B34,Sales!$C$5:$C$18,0),MATCH(UsagePerHour!C$4,Sales!$D$3:$ABF$3,0))/C$2*INDEX(Usage!$D$5:$ABF$11,MATCH(UsagePerHour!$B$20,Usage!$C$5:$C$11,0),MATCH(UsagePerHour!C$4,Usage!$D$3:$ABF$3,0)),"") -> 0 | D34: =IFERROR(INDEX(Sales!$D$5:$ABF$18,MATCH(UsagePerHour!$B34,Sales!$C$5:$C$18,0),MATCH(UsagePerHour!D$4,Sales!$D$3:$ABF$3,0))/D$2*INDEX(Usage!$D$5:$ABF$11,MATCH(UsagePerHour!$B$20,Usage!$C$5:$C$11,0),MATCH(UsagePerHour!D$4,Usage!$D$3:$ABF$3,0)),"") -> 14.2542 | E34: =IFERROR(INDEX(Sales!$D$5:$ABF$18,MATCH(UsagePerHour!$B34,Sales!$C$5:$C$18,0),MATCH(UsagePerHour!E$4,Sales!$D$3:$ABF$3,0))/E$2*INDEX(Usage!$D$5:$ABF$11,MATCH(UsagePerHour!$B$20,Usage!$C$5:$C$11,0),MATCH(UsagePerHour!E$4,Usage!$D$3:$ABF$3,0)),"") -> 0 | F34: =IFERROR(INDEX(Sales!$D$5:$ABF$18,MATCH(UsagePerHour!$B34,Sales!$C$5:$C$18,0),MATCH(UsagePerHour!F$4,Sales!$D$3:$ABF$3,0))/F$2*INDEX(Usage!$D$5:$ABF$11,MATCH(UsagePerHour!$B$20,Usage!$C$5:$C$11,0),MATCH(UsagePerHour!F$4,Usage!$D$3:$ABF$3,0)),"") -> 2.7202873 | G34: =IFERROR(INDEX(Sales!$D$5:$ABF$18,MATCH(UsagePerHour!$B34,Sales!$C$5:$C$18,0),MATCH(UsagePerHour!G$4,Sales!$D$3:$ABF$3,0))/G$2*INDEX(Usage!$D$5:$ABF$11,MATCH(UsagePerHour!$B$20,Usage!$C$5:$C$11,0),MATCH(UsagePerHour!G$4,Usage!$D$3:$ABF$3,0)),"") -> 0 | H34: =IFERROR(INDEX(Sales!$D$5:$ABF$18,MATCH(UsagePerHour!$B34,Sales!$C$5:$C$18,0),MATCH(UsagePerHour!H$4,Sales!$D$3:$ABF$3,0))/H$2*INDEX(Usage!$D$5:$ABF$11,MATCH(UsagePerHour!$B$20,Usage!$C$5:$C$11,0),MATCH(UsagePerHour!H$4,Usage!$D$3:$ABF$3,0)),"") -> 4.5342208 | I34: =IFERROR(INDEX(Sales!$D$5:$ABF$18,MATCH(UsagePerHour!$B34,Sales!$C$5:$C$18,0),MATCH(UsagePerHour!I$4,Sales!$D$3:$ABF$3,0))/I$2*INDEX(Usage!$D$5:$ABF$11,MATCH(UsagePerHour!$B$20,Usage!$C$5:$C$11,0),MATCH(UsagePerHour!I$4,Usage!$D$3:$ABF$3,0)),"") -> 0 | J34: =IFERROR(INDEX(Sales!$D$5:$ABF$18,MATCH(UsagePerHour!$B34,Sales!$C$5:$C$18,0),MATCH(UsagePerHour!J$4,Sales!$D$3:$ABF$3,0))/J$2*INDEX(Usage!$D$5:$ABF$11,MATCH(UsagePerHour!$B$20,Usage!$C$5:$C$11,0),MATCH(UsagePerHour!J$4,Usage!$D$3:$ABF$3,0)),"") -> 0 | ... ABA34: =IFERROR(INDEX(Sales!$D$5:$ABF$18,MATCH(UsagePerHour!$B34,Sales!$C$5:$C$18,0),MATCH(UsagePerHour!ABA$4,Sales!$D$3:$ABF$3,0))/ABA$2*INDEX(Usage!$D$5:$ABF$11,MATCH(UsagePerHour!$B$20,Usage!$C$5:$C$11,0),MATCH(UsagePerHour!ABA$4,Usage!$D$3:$ABF$3,0)),"")
B36: Drum Stick | C36: =C4 -> 45658 | D36: =C36+1 -> 45659 | E36: =D36+1 -> 45660 | F36: =E36+1 -> 45661 | G36: =F36+1 -> 45662 | H36: =G36+1 -> 45663 | I36: =H36+1 -> 45664 | J36: =I36+1 -> 45665 | K36: =J36+1 -> 45666 | ... ABA36: =AAZ36+1 -> 46384
B37: pcs | C37: =TEXT(C36,"ddd") -> Wed | D37: =TEXT(D36,"ddd") -> Thu | E37: =TEXT(E36,"ddd") -> Fri | F37: =TEXT(F36,"ddd") -> Sat | G37: =TEXT(G36,"ddd") -> Sun | H37: =TEXT(H36,"ddd") -> Mon | I37: =TEXT(I36,"ddd") -> Tue | J37: =TEXT(J36,"ddd") -> Wed | ... ABA37: =TEXT(ABA36,"ddd") -> Mon
B38: 11 AM - 12 PM | C38: =IFERROR(INDEX(Sales!$D$5:$ABF$18,MATCH(UsagePerHour!$B38,Sales!$C$5:$C$18,0),MATCH(UsagePerHour!C$4,Sales!$D$3:$ABF$3,0))/C$2*INDEX(Usage!$D$5:$ABF$11,MATCH(UsagePerHour!$B$36,Usage!$C$5:$C$11,0),MATCH(UsagePerHour!C$4,Usage!$D$3:$ABF$3,0)),"") -> 1.0222677 | D38: =IFERROR(INDEX(Sales!$D$5:$ABF$18,MATCH(UsagePerHour!$B38,Sales!$C$5:$C$18,0),MATCH(UsagePerHour!D$4,Sales!$D$3:$ABF$3,0))/D$2*INDEX(Usage!$D$5:$ABF$11,MATCH(UsagePerHour!$B$36,Usage!$C$5:$C$11,0),MATCH(UsagePerHour!D$4,Usage!$D$3:$ABF$3,0)),"") -> 0.13847892 | E38: =IFERROR(INDEX(Sales!$D$5:$ABF$18,MATCH(UsagePerHour!$B38,Sales!$C$5:$C$18,0),MATCH(UsagePerHour!E$4,Sales!$D$3:$ABF$3,0))/E$2*INDEX(Usage!$D$5:$ABF$11,MATCH(UsagePerHour!$B$36,Usage!$C$5:$C$11,0),MATCH(UsagePerHour!E$4,Usage!$D$3:$ABF$3,0)),"") -> 0.46620359 | F38: =IFERROR(INDEX(Sales!$D$5:$ABF$18,MATCH(UsagePerHour!$B38,Sales!$C$5:$C$18,0),MATCH(UsagePerHour!F$4,Sales!$D$3:$ABF$3,0))/F$2*INDEX(Usage!$D$5:$ABF$11,MATCH(UsagePerHour!$B$36,Usage!$C$5:$C$11,0),MATCH(UsagePerHour!F$4,Usage!$D$3:$ABF$3,0)),"") -> 0.098694745 | G38: =IFERROR(INDEX(Sales!$D$5:$ABF$18,MATCH(UsagePerHour!$B38,Sales!$C$5:$C$18,0),MATCH(UsagePerHour!G$4,Sales!$D$3:$ABF$3,0))/G$2*INDEX(Usage!$D$5:$ABF$11,MATCH(UsagePerHour!$B$36,Usage!$C$5:$C$11,0),MATCH(UsagePerHour!G$4,Usage!$D$3:$ABF$3,0)),"") -> 5.9145692 | H38: =IFERROR(INDEX(Sales!$D$5:$ABF$18,MATCH(UsagePerHour!$B38,Sales!$C$5:$C$18,0),MATCH(UsagePerHour!H$4,Sales!$D$3:$ABF$3,0))/H$2*INDEX(Usage!$D$5:$ABF$11,MATCH(UsagePerHour!$B$36,Usage!$C$5:$C$11,0),MATCH(UsagePerHour!H$4,Usage!$D$3:$ABF$3,0)),"") -> 1.1142562 | I38: =IFERROR(INDEX(Sales!$D$5:$ABF$18,MATCH(UsagePerHour!$B38,Sales!$C$5:$C$18,0),MATCH(UsagePerHour!I$4,Sales!$D$3:$ABF$3,0))/I$2*INDEX(Usage!$D$5:$ABF$11,MATCH(UsagePerHour!$B$36,Usage!$C$5:$C$11,0),MATCH(UsagePerHour!I$4,Usage!$D$3:$ABF$3,0)),"") -> 2.6773744 | J38: =IFERROR(INDEX(Sales!$D$5:$ABF$18,MATCH(UsagePerHour!$B38,Sales!$C$5:$C$18,0),MATCH(UsagePerHour!J$4,Sales!$D$3:$ABF$3,0))/J$2*INDEX(Usage!$D$5:$ABF$11,MATCH(UsagePerHour!$B$36,Usage!$C$5:$C$11,0),MATCH(UsagePerHour!J$4,Usage!$D$3:$ABF$3,0)),"") -> 1.0222677 | ... ABA38: =IFERROR(INDEX(Sales!$D$5:$ABF$18,MATCH(UsagePerHour!$B38,Sales!$C$5:$C$18,0),MATCH(UsagePerHour!ABA$4,Sales!$D$3:$ABF$3,0))/ABA$2*INDEX(Usage!$D$5:$ABF$11,MATCH(UsagePerHour!$B$36,Usage!$C$5:$C$11,0),MATCH(UsagePerHour!ABA$4,Usage!$D$3:$ABF$3,0)),"")
B39: 12 PM - 1 PM | C39: =IFERROR(INDEX(Sales!$D$5:$ABF$18,MATCH(UsagePerHour!$B39,Sales!$C$5:$C$18,0),MATCH(UsagePerHour!C$4,Sales!$D$3:$ABF$3,0))/C$2*INDEX(Usage!$D$5:$ABF$11,MATCH(UsagePerHour!$B$36,Usage!$C$5:$C$11,0),MATCH(UsagePerHour!C$4,Usage!$D$3:$ABF$3,0)),"") -> 2.1884682 | D39: =IFERROR(INDEX(Sales!$D$5:$ABF$18,MATCH(UsagePerHour!$B39,Sales!$C$5:$C$18,0),MATCH(UsagePerHour!D$4,Sales!$D$3:$ABF$3,0))/D$2*INDEX(Usage!$D$5:$ABF$11,MATCH(UsagePerHour!$B$36,Usage!$C$5:$C$11,0),MATCH(UsagePerHour!D$4,Usage!$D$3:$ABF$3,0)),"") -> 0.88014285 | E39: =IFERROR(INDEX(Sales!$D$5:$ABF$18,MATCH(UsagePerHour!$B39,Sales!$C$5:$C$18,0),MATCH(UsagePerHour!E$4,Sales!$D$3:$ABF$3,0))/E$2*INDEX(Usage!$D$5:$ABF$11,MATCH(UsagePerHour!$B$36,Usage!$C$5:$C$11,0),MATCH(UsagePerHour!E$4,Usage!$D$3:$ABF$3,0)),"") -> 0.72239521 | F39: =IFERROR(INDEX(Sales!$D$5:$ABF$18,MATCH(UsagePerHour!$B39,Sales!$C$5:$C$18,0),MATCH(UsagePerHour!F$4,Sales!$D$3:$ABF$3,0))/F$2*INDEX(Usage!$D$5:$ABF$11,MATCH(UsagePerHour!$B$36,Usage!$C$5:$C$11,0),MATCH(UsagePerHour!F$4,Usage!$D$3:$ABF$3,0)),"") -> 0.34780921 | G39: =IFERROR(INDEX(Sales!$D$5:$ABF$18,MATCH(UsagePerHour!$B39,Sales!$C$5:$C$18,0),MATCH(UsagePerHour!G$4,Sales!$D$3:$ABF$3,0))/G$2*INDEX(Usage!$D$5:$ABF$11,MATCH(UsagePerHour!$B$36,Usage!$C$5:$C$11,0),MATCH(UsagePerHour!G$4,Usage!$D$3:$ABF$3,0)),"") -> 2.9539892 | H39: =IFERROR(INDEX(Sales!$D$5:$ABF$18,MATCH(UsagePerHour!$B39,Sales!$C$5:$C$18,0),MATCH(UsagePerHour!H$4,Sales!$D$3:$ABF$3,0))/H$2*INDEX(Usage!$D$5:$ABF$11,MATCH(UsagePerHour!$B$36,Usage!$C$5:$C$11,0),MATCH(UsagePerHour!H$4,Usage!$D$3:$ABF$3,0)),"") -> 1.7169462 | I39: =IFERROR(INDEX(Sales!$D$5:$ABF$18,MATCH(UsagePerHour!$B39,Sales!$C$5:$C$18,0),MATCH(UsagePerHour!I$4,Sales!$D$3:$ABF$3,0))/I$2*INDEX(Usage!$D$5:$ABF$11,MATCH(UsagePerHour!$B$36,Usage!$C$5:$C$11,0),MATCH(UsagePerHour!I$4,Usage!$D$3:$ABF$3,0)),"") -> 1.8370945 | J39: =IFERROR(INDEX(Sales!$D$5:$ABF$18,MATCH(UsagePerHour!$B39,Sales!$C$5:$C$18,0),MATCH(UsagePerHour!J$4,Sales!$D$3:$ABF$3,0))/J$2*INDEX(Usage!$D$5:$ABF$11,MATCH(UsagePerHour!$B$36,Usage!$C$5:$C$11,0),MATCH(UsagePerHour!J$4,Usage!$D$3:$ABF$3,0)),"") -> 2.1884682 | ... ABA39: =IFERROR(INDEX(Sales!$D$5:$ABF$18,MATCH(UsagePerHour!$B39,Sales!$C$5:$C$18,0),MATCH(UsagePerHour!ABA$4,Sales!$D$3:$ABF$3,0))/ABA$2*INDEX(Usage!$D$5:$ABF$11,MATCH(UsagePerHour!$B$36,Usage!$C$5:$C$11,0),MATCH(UsagePerHour!ABA$4,Usage!$D$3:$ABF$3,0)),"")
